t,Fx_hat,Fy_hat,Fz_hat,tau_yaw_hat,tau_yaw_ema,force_mag,force_mag_ema,wz_obs,vx_cmd,vy_cmd,wz_cmd,compliance_mode
0.0,13.6398286819458,4.579010963439941,13.687830924987793,-1.0386604070663452,-0.9804391264915466,19.858726501464844,22.582805633544922,-0.0,-0.4000000059604645,-0.0,-0.0,off
0.02,13.427252769470215,4.944676876068115,13.73831844329834,-1.0935307741165161,-0.9917482733726501,19.836389541625977,22.257837295532227,-0.0,-0.4000000059604645,-0.0,-0.0,off
0.04,13.30709457397461,4.184221267700195,14.542116165161133,-1.101655125617981,-1.0027389526367188,20.150920867919922,22.007413864135742,-0.0,-0.4000000059604645,-0.0,-0.0,off
0.06,13.018906593322754,4.049799919128418,14.951400756835938,-1.1324485540390015,-1.0157098770141602,20.234554290771484,21.791494369506836,-0.0,-0.4000000059604645,-0.0,-0.0,off
0.08,13.074858665466309,4.227060317993164,15.542967796325684,-1.1780322790145874,-1.0319421291351318,20.74617576599121,21.648488998413086,-0.0,-0.4000000059604645,-0.0,-0.0,off
0.1,13.278809547424316,4.173232555389404,16.006380081176758,-1.2003237009048462,-1.0487802028656006,21.211950302124023,21.57179069519043,-0.0,-0.4000000059604645,-0.0,-0.0,off
0.12,13.277493476867676,3.6221859455108643,16.44820785522461,-1.226347804069519,-1.0665369033813477,21.446577072143555,21.53139305114746,-0.0,-0.4000000059604645,-0.0,-0.0,off
0.14,13.499768257141113,3.042984962463379,16.7536678314209,-1.2644957304000854,-1.0863327980041504,21.729907989501953,21.529624938964844,-0.0,-0.4000000059604645,-0.0,-0.0,off
0.16,13.59154987335205,2.805400848388672,16.883737564086914,-1.3085116147994995,-1.1085506677627563,21.855459213256836,21.54462242126465,-0.0,-0.4000000059604645,-0.0,-0.0,off
0.18,13.532689094543457,2.613931894302368,16.824356079101562,-1.3488599061965942,-1.1325815916061401,21.749143600463867,21.55075454711914,-0.0,-0.4000000059604645,-0.0,-0.0,off
0.2,13.551504135131836,2.4589762687683105,16.658796310424805,-1.3743990659713745,-1.1567633152008057,21.614933013916016,21.54663848876953,0.0,-0.4000000059604645,-0.0,0.0,off
0.22,13.475739479064941,2.5755960941314697,16.357179641723633,-1.3901339769363403,-1.1801003217697144,21.349159240722656,21.519643783569336,0.0,-0.4000000059604645,-0.0,0.0,off
0.24,13.314831733703613,2.7621653079986572,16.028888702392578,-1.4034370183944702,-1.2024339437484741,21.01997947692871,21.464452743530273,-0.0,-0.4000000059604645,-0.0,-0.0,off
0.26,13.305413246154785,2.6897642612457275,15.778172492980957,-1.398666262626648,-1.2220571041107178,20.813926696777344,21.396074295043945,-0.0,-0.4000000059604645,-0.0,-0.0,off
0.28,13.32103157043457,2.1343984603881836,15.50118350982666,-1.3356300592422485,-1.2334144115447998,20.54974937438965,21.309125900268555,-0.0,-0.4000000059604645,-0.0,-0.0,off
0.3,13.470231056213379,1.696501612663269,15.237058639526367,-1.2675915956497192,-1.2368321418762207,20.408164978027344,21.216814041137695,-0.0,-0.4000000059604645,-0.0,-0.0,off
0.32,13.676679611206055,1.5563184022903442,14.833684921264648,-1.2294548749923706,-1.2360944747924805,20.236400604248047,21.117021560668945,-0.0,-0.4000000059604645,-0.0,-0.0,off
0.34,13.933486938476562,1.8161834478378296,14.102715492248535,-1.2352317571640015,-1.2360081672668457,19.90796661376953,20.994644165039062,-0.0,-0.4000000059604645,-0.0,-0.0,off
0.36,14.392668724060059,1.6481313705444336,13.803638458251953,-1.218509554862976,-1.2342582941055298,20.01013946533203,20.892505645751953,-0.0,-0.4000000059604645,-0.0,-0.0,off
0.38,15.496060371398926,1.0396145582199097,12.915736198425293,-1.1959413290023804,-1.230426549911499,20.199626922607422,20.80693817138672,-0.0,-0.4000000059604645,-0.0,-0.0,off
0.4,15.500349998474121,0.24053335189819336,11.32083511352539,-1.2025007009506226,-1.2276339530944824,19.195833206176758,20.61263656616211,-0.0,-0.4000000059604645,-0.0,-0.0,off
0.42,15.416616439819336,0.21914029121398926,10.073610305786133,-1.2274812459945679,-1.22761869430542,18.417320251464844,20.350940704345703,-0.0,-0.4000000059604645,-0.0,-0.0,off
0.44,15.356972694396973,0.5988638401031494,7.987109184265137,-1.2900208234786987,-1.2338589429855347,17.3201961517334,19.980154037475586,-0.0,-0.4000000059604645,-0.0,-0.0,off
0.46,14.996146202087402,2.0914740562438965,5.30555534362793,-1.376184105873108,-1.248091459274292,16.043926239013672,19.467727661132812,-0.0,-0.4000000059604645,-0.0,-0.0,off
0.48,15.281222343444824,3.4481663703918457,3.04195237159729,-1.4379793405532837,-1.267080307006836,15.958041191101074,18.919239044189453,-0.0,-0.4000000059604645,-0.0,-0.0,off
0.5,15.670634269714355,2.4557223320007324,2.666383981704712,-1.3408292531967163,-1.274455189704895,16.08443260192871,18.45452117919922,-0.0,-0.4000000059604645,-0.0,-0.0,off
0.52,15.608794212341309,0.12386691570281982,3.496901750564575,-1.1720598936080933,-1.2642155885696411,15.996191024780273,18.081756591796875,-0.0,-0.4000000059604645,-0.0,-0.0,off
0.54,16.42949104309082,0.05427885055541992,3.9645779132843018,-1.1093329191207886,-1.2487273216247559,16.901153564453125,17.86049461364746,-0.0,-0.4000000059604645,-0.0,-0.0,off
0.56,17.167516708374023,0.4774360656738281,3.4061501026153564,-1.0621939897537231,-1.2300739288330078,17.5086669921875,17.718595504760742,-0.0,-0.4000000059604645,-0.0,-0.0,off
0.58,17.516908645629883,1.0046517848968506,2.4537994861602783,-1.0388492345809937,-1.2109514474868774,17.716449737548828,17.60074234008789,-0.0,-0.4000000059604645,-0.0,-0.0,off
0.6,17.31891632080078,1.3673007488250732,1.2163641452789307,-1.032061219215393,-1.193062424659729,17.415334701538086,17.44810676574707,-0.0,-0.4000000059604645,-0.0,-0.0,off
0.62,17.448211669921875,1.4105064868927002,-0.22875285148620605,-1.014107584953308,-1.1751668453216553,17.50662612915039,17.29072380065918,-0.0,-0.4000000059604645,-0.0,-0.0,off
0.64,17.545299530029297,1.3159914016723633,-1.230870008468628,-1.01073157787323,-1.15872323513031,17.637584686279297,17.152544021606445,-0.0,-0.4000000059604645,-0.0,-0.0,off
0.66,18.1567440032959,1.0472469329833984,-1.9495103359222412,-1.0025745630264282,-1.1431083679199219,18.291109085083008,17.09451675415039,-0.0,-0.4000000059604645,-0.0,-0.0,off
0.68,18.968107223510742,0.6397833824157715,-1.9657924175262451,-1.0001050233840942,-1.1288080215454102,19.080429077148438,17.150177001953125,-0.0,-0.4000000059604645,-0.0,-0.0,off
0.7000000000000001,19.43108367919922,0.01001739501953125,-1.9716641902923584,-0.9855361580848694,-1.1144808530807495,19.53086280822754,17.269737243652344,-0.0,-0.4000000059604645,-0.0,-0.0,off
0.72,19.76981544494629,-0.35718870162963867,-2.504753828048706,-0.9937418103218079,-1.1024068593978882,19.931055068969727,17.423114776611328,-0.0,-0.4000000059604645,-0.0,-0.0,off
0.74,19.939382553100586,-0.6853847503662109,-3.184974431991577,-0.9991925358772278,-1.092085361480713,20.203781127929688,17.5899658203125,-0.0,-0.4000000059604645,-0.0,-0.0,off
0.76,19.93797492980957,-0.9076306819915771,-3.555785894393921,-1.0089584589004517,-1.0837726593017578,20.27289390563965,17.75846290588379,-0.0,-0.4000000059604645,-0.0,-0.0,off
0.78,20.055206298828125,-1.056433916091919,-3.807406187057495,-1.0255378484725952,-1.0779491662979126,20.440736770629883,17.940378189086914,-0.0,-0.4000000059604645,-0.0,-0.0,off
0.8,20.044321060180664,-0.9711859226226807,-4.239932060241699,-1.0319503545761108,-1.0733492374420166,20.51085090637207,18.119356155395508,-0.0,-0.4000000059604645,-0.0,-0.0,off
0.8200000000000001,20.00415802001953,-0.8951714038848877,-4.447487831115723,-1.022922396659851,-1.0683064460754395,20.51213836669922,18.292516708374023,-0.0,-0.4000000059604645,-0.0,-0.0,off
0.84,20.0089168548584,-0.9425863027572632,-4.56011962890625,-1.0100940465927124,-1.0624852180480957,20.543609619140625,18.462675094604492,-0.0,-0.4000000059604645,-0.0,-0.0,off
0.86,19.89473533630371,-1.2136963605880737,-4.6053924560546875,-1.0141671895980835,-1.0576534271240234,20.45686149597168,18.615934371948242,-0.0,-0.4000000059604645,-0.0,-0.0,off
0.88,19.603199005126953,-1.5414347648620605,-4.627723693847656,-1.0252896547317505,-1.0544170141220093,20.2009220123291,18.73461151123047,-0.0,-0.4000000059604645,-0.0,-0.0,off
0.9,19.30953598022461,-1.7989015579223633,-4.5977277755737305,-1.051831841468811,-1.0541584491729736,19.930713653564453,18.820384979248047,-0.0,-0.4000000059604645,-0.0,-0.0,off
0.92,18.9992618560791,-2.0191855430603027,-4.456693649291992,-1.091539740562439,-1.0578964948654175,19.61915397644043,18.872703552246094,-0.0,-0.4000000059604645,-0.0,-0.0,off
0.9400000000000001,18.712907791137695,-2.2303268909454346,-4.264993667602539,-1.1355093717575073,-1.0656577348709106,19.321941375732422,18.895458221435547,-0.0,-0.4000000059604645,-0.0,-0.0,off
0.96,18.48073387145996,-2.4018502235412598,-3.9103686809539795,-1.1798781156539917,-1.0770797729492188,19.041990280151367,18.893850326538086,-0.0,-0.4000000059604645,-0.0,-0.0,off
0.98,18.351512908935547,-2.5085251331329346,-3.4778239727020264,-1.2219957113265991,-1.09157133102417,18.845848083496094,18.877967834472656,-0.0,-0.4000000059604645,-0.0,-0.0,off
1.0,18.578872680664062,-2.5421066284179688,-3.3994624614715576,-1.2536777257919312,-1.107782006263733,19.057626724243164,18.887483596801758,-0.0,-0.4000000059604645,-0.0,-0.0,off
1.02,18.80069351196289,-2.486360549926758,-3.371398687362671,-1.321586012840271,-1.1291624307632446,19.261734008789062,18.91884422302246,-0.0,-0.4000000059604645,-0.0,-0.0,off
1.04,18.906898498535156,-2.4368057250976562,-3.462660551071167,-1.3899744749069214,-1.1552436351776123,19.375211715698242,18.959606170654297,-0.0,-0.4000000059604645,-0.0,-0.0,off
1.06,18.95318603515625,-2.3044207096099854,-3.4946916103363037,-1.456004023551941,-1.1853196620941162,19.409957885742188,19.00120735168457,-0.0,-0.4000000059604645,-0.0,-0.0,off
1.08,18.97890853881836,-2.204280376434326,-3.42612624168396,-1.518222689628601,-1.2186100482940674,19.411237716674805,19.040021896362305,-0.0,-0.4000000059604645,-0.0,-0.0,off
1.1,18.913745880126953,-2.1209797859191895,-3.5545108318328857,-1.566351294517517,-1.2533842325210571,19.361377716064453,19.070154190063477,0.0,-0.4000000059604645,-0.0,0.0,off
1.12,18.86541175842285,-2.0486464500427246,-3.6494014263153076,-1.6073874235153198,-1.2887845039367676,19.324047088623047,19.09371566772461,0.0,-0.4000000059604645,-0.0,0.0,off
1.1400000000000001,18.88292694091797,-1.9892733097076416,-3.6841533184051514,-1.6360234022140503,-1.323508381843567,19.34153938293457,19.117008209228516,-0.0,-0.4000000059604645,-0.0,-0.0,off
1.16,18.845672607421875,-1.9302265644073486,-3.6939094066619873,-1.6489874124526978,-1.3560562133789062,19.30103874206543,19.134220123291016,-0.0,-0.4000000059604645,-0.0,-0.0,off
1.18,18.773454666137695,-1.964691400527954,-3.7177722454071045,-1.6645296812057495,-1.3869035243988037,19.238618850708008,19.143550872802734,-0.0,-0.4000000059604645,-0.0,-0.0,off
1.2,18.7014217376709,-1.9664807319641113,-3.7374894618988037,-1.6678351163864136,-1.41499662399292,19.172351837158203,19.14543342590332,-0.0,-0.4000000059604645,-0.0,-0.0,off
1.22,18.591594696044922,-1.9838969707489014,-3.7358996868133545,-1.6609643697738647,-1.4395934343338013,19.066730499267578,19.13667869567871,-0.0,-0.4000000059604645,-0.0,-0.0,off
1.24,18.467058181762695,-2.0316829681396484,-3.733891248703003,-1.6437054872512817,-1.4600045680999756,18.949983596801758,19.117172241210938,-0.0,-0.4000000059604645,-0.0,-0.0,off
1.26,18.312292098999023,-2.0471315383911133,-3.792504072189331,-1.6411961317062378,-1.478123664855957,18.812597274780273,19.08578872680664,-0.0,-0.4000000059604645,-0.0,-0.0,off
1.28,18.20849609375,-2.105764627456665,-3.8757989406585693,-1.650267481803894,-1.4953380823135376,18.735137939453125,19.04960823059082,-0.0,-0.4000000059604645,-0.0,-0.0,off
1.3,18.132028579711914,-2.1549479961395264,-3.92154860496521,-1.6602267026901245,-1.5118268728256226,18.675994873046875,19.011091232299805,-0.0,-0.4000000059604645,-0.0,-0.0,off
1.32,18.11703109741211,-2.221686840057373,-3.9683902263641357,-1.6723400354385376,-1.5278780460357666,18.679155349731445,18.976716995239258,-0.0,-0.4000000059604645,-0.0,-0.0,off
1.34,18.05612564086914,-2.2725138664245605,-4.031744956970215,-1.6848639249801636,-1.5435765981674194,18.639822006225586,18.94176483154297,-0.0,-0.4000000059604645,-0.0,-0.0,off
1.36,17.949779510498047,-2.310605525970459,-4.064043045043945,-1.694559931755066,-1.558674931526184,18.548582077026367,18.901182174682617,-0.0,-0.4000000059604645,-0.0,-0.0,off
1.3800000000000001,17.85555076599121,-2.3503119945526123,-4.080408096313477,-1.7023600339889526,-1.5730433464050293,18.466033935546875,18.856449127197266,-0.0,-0.4000000059604645,-0.0,-0.0,off
1.4000000000000001,17.767921447753906,-2.3991079330444336,-4.087926864624023,-1.70663583278656,-1.5864025354385376,18.3892879486084,18.808563232421875,-0.0,-0.4000000059604645,-0.0,-0.0,off
1.42,17.697954177856445,-2.4420714378356934,-4.076472282409668,-1.7111910581588745,-1.5988813638687134,18.324817657470703,18.75912857055664,-0.0,-0.4000000059604645,-0.0,-0.0,off
1.44,17.596755981445312,-2.47481107711792,-4.082943916320801,-1.728861689567566,-1.6118793487548828,18.23296356201172,18.705493927001953,-0.0,-0.4000000059604645,-0.0,-0.0,off
1.46,17.567459106445312,-2.523416042327881,-4.084129333496094,-1.7453070878982544,-1.625222086906433,18.211627960205078,18.655153274536133,-0.0,-0.4000000059604645,-0.0,-0.0,off
1.48,17.49077606201172,-2.5402066707611084,-4.073787689208984,-1.7565745115280151,-1.638357400894165,18.137685775756836,18.602561950683594,-0.0,-0.4000000059604645,-0.0,-0.0,off
1.5,17.43589973449707,-2.5415027141571045,-4.071256637573242,-1.7682117223739624,-1.6513428688049316,18.08438491821289,18.550024032592773,-0.0,-0.4000000059604645,-0.0,-0.0,off
1.52,17.39022445678711,-2.5640909671783447,-4.063615798950195,-1.780302882194519,-1.6642388105392456,18.041824340820312,18.49856185913086,-0.0,-0.4000000059604645,-0.0,-0.0,off
1.54,17.342954635620117,-2.5894417762756348,-4.083935737609863,-1.7976125478744507,-1.6775761842727661,18.004493713378906,18.448528289794922,-0.0,-0.4000000059604645,-0.0,-0.0,off
1.56,17.287473678588867,-2.6137595176696777,-4.109274864196777,-1.8154457807540894,-1.6913630962371826,17.96036148071289,18.39908790588379,-0.0,-0.4000000059604645,-0.0,-0.0,off
1.58,17.220701217651367,-2.6500496864318848,-4.128575325012207,-1.8319662809371948,-1.705423355102539,17.9058780670166,18.3491268157959,-0.0,-0.4000000059604645,-0.0,-0.0,off
1.6,17.164199829101562,-2.675595283508301,-4.113593101501465,-1.8498016595840454,-1.7198611497879028,17.851896286010742,18.298826217651367,-0.0,-0.4000000059604645,-0.0,-0.0,off
1.62,17.130447387695312,-2.694662570953369,-4.134315490722656,-1.8683334589004517,-1.7347084283828735,17.82711410522461,18.251102447509766,0.0,-0.4000000059604645,-0.0,0.0,off
1.6400000000000001,17.087020874023438,-2.690779209136963,-4.185696601867676,-1.884966254234314,-1.7497341632843018,17.796815872192383,18.20513153076172,-0.0,-0.4000000059604645,-0.0,-0.0,off
1.6600000000000001,17.049663543701172,-2.6922924518585205,-4.219627380371094,-1.8959091901779175,-1.7643516063690186,17.769207000732422,18.161022186279297,-0.0,-0.4000000059604645,-0.0,-0.0,off
1.68,17.010570526123047,-2.733752727508545,-4.219516754150391,-1.9064053297042847,-1.7785569429397583,17.73801612854004,18.11821746826172,-0.0,-0.4000000059604645,-0.0,-0.0,off
1.7,16.973037719726562,-2.7696690559387207,-4.232783317565918,-1.9232763051986694,-1.7930288314819336,17.71077537536621,18.076969146728516,-0.0,-0.4000000059604645,-0.0,-0.0,off
1.72,16.9486026763916,-2.7889623641967773,-4.272918701171875,-1.9468716382980347,-1.808413028717041,17.700035095214844,18.03876495361328,-0.0,-0.4000000059604645,-0.0,-0.0,off
1.74,16.931928634643555,-2.7812047004699707,-4.33104133605957,-1.9704076051712036,-1.8246124982833862,17.696983337402344,18.00408363342285,-0.0,-0.4000000059604645,-0.0,-0.0,off
1.76,16.912643432617188,-2.782167911529541,-4.386529922485352,-1.9838122129440308,-1.8405324220657349,17.692359924316406,17.972396850585938,-0.0,-0.4000000059604645,-0.0,-0.0,off
1.78,16.89544677734375,-2.8108139038085938,-4.446317672729492,-1.993048071861267,-1.8557839393615723,17.69538116455078,17.94412612915039,-0.0,-0.4000000059604645,-0.0,-0.0,off
1.8,16.854564666748047,-2.7990355491638184,-4.539497375488281,-2.0060219764709473,-1.8708076477050781,17.678178787231445,17.916868209838867,-0.0,-0.4000000059604645,-0.0,-0.0,off
1.82,16.833303451538086,-2.8011116981506348,-4.621526718139648,-2.0263540744781494,-1.8863621950149536,17.67950439453125,17.89239501953125,-0.0,-0.4000000059604645,-0.0,-0.0,off
1.84,16.80274200439453,-2.833530902862549,-4.699094772338867,-2.0444467067718506,-1.9021705389022827,17.676044464111328,17.86992073059082,-0.0,-0.4000000059604645,-0.0,-0.0,off
1.86,16.805952072143555,-2.8595666885375977,-4.801203727722168,-2.0668106079101562,-1.9186344146728516,17.710695266723633,17.853029251098633,-0.0,-0.4000000059604645,-0.0,-0.0,off
1.8800000000000001,16.838895797729492,-2.8680548667907715,-4.925414085388184,-2.0915918350219727,-1.9359300136566162,17.777339935302734,17.844350814819336,0.0,-0.4000000059604645,-0.0,0.0,off
1.9000000000000001,16.87285041809082,-2.8970470428466797,-5.037929534912109,-2.1217241287231445,-1.9545093774795532,17.84563636779785,17.843250274658203,0.0,-0.4000000059604645,-0.0,0.0,off
1.92,16.934852600097656,-2.938295602798462,-5.16748046875,-2.1595046520233154,-1.9750088453292847,17.947860717773438,17.85233497619629,-0.0,-0.4000000059604645,-0.0,-0.0,off
1.94,16.943511962890625,-3.0022330284118652,-5.275426864624023,-2.1883037090301514,-1.9963382482528687,17.997947692871094,17.865371704101562,-0.0,-0.4000000059604645,-0.0,-0.0,off
1.96,16.933225631713867,-3.0511059761047363,-5.382560729980469,-2.2110445499420166,-2.0178089141845703,18.028182983398438,17.879989624023438,-0.0,-0.4000000059604645,-0.0,-0.0,off
1.98,16.95088005065918,-3.0683982372283936,-5.4535980224609375,-2.2414791584014893,-2.0401759147644043,18.06900978088379,17.897300720214844,-0.0,-0.4000000059604645,-0.0,-0.0,off
2.0,16.957714080810547,-3.100468158721924,-5.544765472412109,-2.2705695629119873,-2.0632152557373047,18.108600616455078,17.91680908203125,-0.0,-0.4000000059604645,-0.0,-0.0,off
2.02,16.978958129882812,-3.1109416484832764,-5.706958770751953,-2.299812078475952,-2.0868749618530273,18.18054962158203,17.94130516052246,-0.0,-0.4000000059604645,-0.0,-0.0,off
2.04,16.993600845336914,-3.1218819618225098,-5.80833625793457,-2.330059766769409,-2.1111934185028076,18.228147506713867,17.968103408813477,-0.0,-0.4000000059604645,-0.0,-0.0,off
2.06,17.0192813873291,-3.1559526920318604,-5.898155212402344,-2.367689847946167,-2.136842966079712,18.28672218322754,17.998111724853516,-0.0,-0.4000000059604645,-0.0,-0.0,off
2.08,17.026687622070312,-3.2017924785614014,-6.014290809631348,-2.4029643535614014,-2.163455009460449,18.339336395263672,18.03026580810547,-0.0,-0.4000000059604645,-0.0,-0.0,off
2.1,17.03661346435547,-3.2177846431732178,-6.122408866882324,-2.4390997886657715,-2.1910195350646973,18.387067794799805,18.063947677612305,-0.0,-0.4000000059604645,-0.0,-0.0,off
2.12,17.05295753479004,-3.2493600845336914,-6.236453056335449,-2.4725239276885986,-2.219169855117798,18.44600486755371,18.100095748901367,-0.0,-0.4000000059604645,-0.0,-0.0,off
2.14,17.009902954101562,-3.2654337882995605,-6.320390701293945,-2.492840528488159,-2.24653697013855,18.43765640258789,18.131786346435547,-0.0,-0.4000000059604645,-0.0,-0.0,off
2.16,16.95970344543457,-3.316227674484253,-6.37696647644043,-2.509752035140991,-2.2728583812713623,18.419950485229492,18.158592224121094,-0.0,-0.4000000059604645,-0.0,-0.0,off
2.18,16.87946128845215,-3.3213703632354736,-6.436282157897949,-2.526120901107788,-2.298184633255005,18.367727279663086,18.177532196044922,-0.0,-0.4000000059604645,-0.0,-0.0,off
2.2,16.808744430541992,-3.3868768215179443,-6.443936347961426,-2.5293848514556885,-2.3213045597076416,18.317453384399414,18.18971824645996,-0.0,-0.4000000059604645,-0.0,-0.0,off
2.22,16.761018753051758,-3.421114683151245,-6.44154167175293,-2.535299301147461,-2.3427040576934814,18.27920150756836,18.197099685668945,-0.0,-0.4000000059604645,-0.0,-0.0,off
2.24,16.66639518737793,-3.485957145690918,-6.429224967956543,-2.5430147647857666,-2.3627350330352783,18.200428009033203,18.195974349975586,-0.0,-0.4000000059604645,-0.0,-0.0,off
2.2600000000000002,16.64616584777832,-3.554481029510498,-6.4391326904296875,-2.5547049045562744,-2.381932020187378,18.198671340942383,18.19489097595215,-0.0,-0.4000000059604645,-0.0,-0.0,off
2.2800000000000002,16.6055965423584,-3.5837769508361816,-6.448581695556641,-2.5667946338653564,-2.400418281555176,18.170677185058594,18.191246032714844,-0.0,-0.4000000059604645,-0.0,-0.0,off
2.3000000000000003,16.573135375976562,-3.610635757446289,-6.421591758728027,-2.5706398487091064,-2.417440414428711,18.136768341064453,18.184783935546875,-0.0,-0.4000000059604645,-0.0,-0.0,off
2.32,16.571224212646484,-3.6243948936462402,-6.4238996505737305,-2.569096803665161,-2.4326059818267822,18.138582229614258,18.179311752319336,-0.0,-0.4000000059604645,-0.0,-0.0,off
2.34,16.60063362121582,-3.632009983062744,-6.4976806640625,-2.5849831104278564,-2.447843551635742,18.193195343017578,18.17988395690918,-0.0,-0.4000000059604645,-0.0,-0.0,off
2.36,16.605905532836914,-3.6783642768859863,-6.555818557739258,-2.607255697250366,-2.463784694671631,18.2281436920166,18.183866500854492,-0.0,-0.4000000059604645,-0.0,-0.0,off
2.38,16.566503524780273,-3.71602201461792,-6.615495681762695,-2.6271705627441406,-2.480123281478882,18.22148895263672,18.186721801757812,-0.0,-0.4000000059604645,-0.0,-0.0,off
2.4,16.53937339782715,-3.7516045570373535,-6.708418846130371,-2.645674228668213,-2.496678352355957,18.238100051879883,18.190834045410156,-0.0,-0.4000000059604645,-0.0,-0.0,off
2.42,16.514427185058594,-3.7849974632263184,-6.7728729248046875,-2.662576198577881,-2.513267993927002,18.246213912963867,18.195308685302734,-0.0,-0.4000000059604645,-0.0,-0.0,off
2.44,16.50128936767578,-3.8316617012023926,-6.827520370483398,-2.680314779281616,-2.529972553253174,18.26442527770996,18.201141357421875,0.0,-0.4000000059604645,-0.0,0.0,off
2.46,16.454092025756836,-3.9176502227783203,-6.898717880249023,-2.6926238536834717,-2.5462374687194824,18.2668399810791,18.20646095275879,-0.0,-0.4000000059604645,-0.0,-0.0,off
2.48,16.425552368164062,-3.959580898284912,-6.954419136047363,-2.70353627204895,-2.561967134475708,18.271316528320312,18.211681365966797,-0.0,-0.4000000059604645,-0.0,-0.0,off
2.5,16.426504135131836,-4.003148555755615,-6.999293327331543,-2.7151105403900146,-2.5772814750671387,18.29878044128418,18.21918296813965,-0.0,-0.4000000059604645,-0.0,-0.0,off
2.52,16.40301513671875,-4.055842399597168,-7.022582054138184,-2.7280073165893555,-2.5923540592193604,18.298234939575195,18.225929260253906,-0.0,-0.4000000059604645,-0.0,-0.0,off
2.54,16.373233795166016,-4.124993801116943,-7.058161735534668,-2.7410013675689697,-2.6072187423706055,18.300710678100586,18.232215881347656,-0.0,-0.4000000059604645,-0.0,-0.0,off
2.56,16.357784271240234,-4.170478820800781,-7.11088752746582,-2.748446226119995,-2.6213414669036865,18.317607879638672,18.23956298828125,-0.0,-0.4000000059604645,-0.0,-0.0,off
2.58,16.346261978149414,-4.223051071166992,-7.172726631164551,-2.7558796405792236,-2.6347951889038086,18.34345817565918,18.248733520507812,-0.0,-0.4000000059604645,-0.0,-0.0,off
2.6,16.348337173461914,-4.28759241104126,-7.218477249145508,-2.7692034244537354,-2.648236036300659,18.378192901611328,18.260467529296875,-0.0,-0.4000000059604645,-0.0,-0.0,off
2.62,16.325101852416992,-4.385226726531982,-7.2588605880737305,-2.78741717338562,-2.662154197692871,18.396472930908203,18.272756576538086,-0.0,-0.4000000059604645,-0.0,-0.0,off
2.64,16.305273056030273,-4.4652099609375,-7.294829368591309,-2.797994375228882,-2.6757380962371826,18.412349700927734,18.28536605834961,-0.0,-0.4000000059604645,-0.0,-0.0,off
2.66,16.302282333374023,-4.533316612243652,-7.320799827575684,-2.8067398071289062,-2.688838243484497,18.436634063720703,18.299179077148438,-0.0,-0.4000000059604645,-0.0,-0.0,off
2.68,16.328765869140625,-4.572399616241455,-7.367661476135254,-2.812060594558716,-2.701160430908203,18.488317489624023,18.316890716552734,-0.0,-0.4000000059604645,-0.0,-0.0,off
2.7,16.306537628173828,-4.627720355987549,-7.402015686035156,-2.8263471126556396,-2.713679075241089,18.496183395385742,18.333627700805664,-0.0,-0.4000000059604645,-0.0,-0.0,off
2.72,16.298837661743164,-4.646759986877441,-7.472572326660156,-2.8425300121307373,-2.7265639305114746,18.52252197265625,18.35137367248535,-0.0,-0.4000000059604645,-0.0,-0.0,off
2.74,16.301721572875977,-4.63804292678833,-7.50833797454834,-2.8543639183044434,-2.7393438816070557,18.53733253479004,18.369001388549805,-0.0,-0.4000000059604645,-0.0,-0.0,off
2.7600000000000002,16.322141647338867,-4.651326656341553,-7.551414489746094,-2.856586217880249,-2.751068115234375,18.576087951660156,18.388851165771484,-0.0,-0.4000000059604645,-0.0,-0.0,off
2.7800000000000002,16.337303161621094,-4.665381908416748,-7.608595848083496,-2.8578498363494873,-2.7617461681365967,18.616230010986328,18.41079330444336,-0.0,-0.4000000059604645,-0.0,-0.0,off
2.8000000000000003,16.336990356445312,-4.675731182098389,-7.654439926147461,-2.8636906147003174,-2.7719404697418213,18.637332916259766,18.432706832885742,-0.0,-0.4000000059604645,-0.0,-0.0,off
2.82,16.386465072631836,-4.694227695465088,-7.694849014282227,-2.873549699783325,-2.7821013927459717,18.70194435119629,18.45899772644043,-0.0,-0.4000000059604645,-0.0,-0.0,off
2.84,16.384252548217773,-4.750529766082764,-7.75393009185791,-2.8846044540405273,-2.792351722717285,18.738588333129883,18.486268997192383,-0.0,-0.4000000059604645,-0.0,-0.0,off
2.86,16.412687301635742,-4.747064113616943,-7.7801923751831055,-2.8910887241363525,-2.8022255897521973,18.773447036743164,18.51442527770996,-0.0,-0.4000000059604645,-0.0,-0.0,off
2.88,16.456239700317383,-4.813096523284912,-7.813143730163574,-2.9009454250335693,-2.8120975494384766,18.84194564819336,18.54663848876953,-0.0,-0.4000000059604645,-0.0,-0.0,off
2.9,16.439542770385742,-4.886890411376953,-7.8194122314453125,-2.918187379837036,-2.822706699371338,18.84896469116211,18.576311111450195,-0.0,-0.4000000059604645,-0.0,-0.0,off
2.92,16.44788932800293,-4.937685966491699,-7.842884063720703,-2.927197217941284,-2.833155632019043,18.87921142578125,18.606050491333008,-0.0,-0.4000000059604645,-0.0,-0.0,off
2.94,16.449146270751953,-4.989416122436523,-7.844243049621582,-2.939143180847168,-2.843754291534424,18.89446449279785,18.634368896484375,-0.0,-0.4000000059604645,-0.0,-0.0,off
2.96,16.48961067199707,-5.049882888793945,-7.874458312988281,-2.9530584812164307,-2.854684829711914,18.958261489868164,18.666248321533203,-0.0,-0.4000000059604645,-0.0,-0.0,off
2.98,16.503082275390625,-5.111006259918213,-7.910187721252441,-2.9707400798797607,-2.866290330886841,19.001188278198242,18.699207305908203,-0.0,-0.4000000059604645,-0.0,-0.0,off
3.0,16.45368194580078,-5.204659461975098,-7.902055740356445,-2.987013578414917,-2.8783624172210693,18.980375289916992,18.726682662963867,-0.0,-0.4000000059604645,-0.0,-0.0,off
3.02,16.443220138549805,-5.25217342376709,-7.932835578918457,-2.9958980083465576,-2.890115976333618,18.997228622436523,18.753087997436523,-0.0,-0.4000000059604645,-0.0,-0.0,off
3.04,16.479440689086914,-5.2541632652282715,-7.939400672912598,-3.0082290172576904,-2.9019272327423096,19.031875610351562,18.78046989440918,-0.0,-0.5,-0.0,-0.0,off
3.06,16.51481819152832,-5.2568535804748535,-7.965743064880371,-3.0255115032196045,-2.914285659790039,19.07424545288086,18.809450149536133,0.0,-0.5,-0.0,0.0,off
3.08,16.540998458862305,-5.2733917236328125,-8.026383399963379,-3.0490241050720215,-2.9277594089508057,19.126842498779297,18.8408203125,0.0,-0.5,-0.0,0.0,off
3.1,16.575021743774414,-5.279323577880859,-8.058125495910645,-3.055506944656372,-2.9405341148376465,19.171228408813477,18.87355613708496,-0.0,-0.5,-0.0,-0.0,off
3.12,16.617746353149414,-5.283822536468506,-8.146337509155273,-3.0515596866607666,-2.951636552810669,19.246585845947266,18.910564422607422,-0.0,-0.5,-0.0,-0.0,off
3.14,16.678173065185547,-5.302367687225342,-8.173308372497559,-3.0463154315948486,-2.961104393005371,19.31526756286621,18.9507999420166,-0.0,-0.5,-0.0,-0.0,off
3.16,16.737808227539062,-5.340577602386475,-8.198226928710938,-3.044733762741089,-2.9694674015045166,19.38780403137207,18.994295120239258,-0.0,-0.5,-0.0,-0.0,off
3.18,16.765644073486328,-5.326115131378174,-8.229148864746094,-3.04144287109375,-2.9766650199890137,19.420948028564453,19.036800384521484,-0.0,-0.5,-0.0,-0.0,off
3.2,16.83598518371582,-5.2992472648620605,-8.262415885925293,-3.0308353900909424,-2.982081890106201,19.48845672607422,19.081865310668945,-0.0,-0.5,-0.0,-0.0,off
3.22,16.910249710083008,-5.269248008728027,-8.317387580871582,-3.0175058841705322,-2.985624313354492,19.567842483520508,19.130380630493164,-0.0,-0.5,-0.0,-0.0,off
3.24,16.957324981689453,-5.248154640197754,-8.347979545593262,-3.010759115219116,-2.988137722015381,19.61587905883789,19.178865432739258,-0.0,-0.5,-0.0,-0.0,off
3.2600000000000002,17.053606033325195,-5.216733455657959,-8.37531566619873,-3.0040972232818604,-2.9897336959838867,19.702428817749023,19.231170654296875,-0.0,-0.5,-0.0,-0.0,off
3.2800000000000002,17.106733322143555,-5.198313236236572,-8.383923530578613,-3.0005910396575928,-2.9908194541931152,19.74722671508789,19.282733917236328,-0.0,-0.5,-0.0,-0.0,off
3.3000000000000003,17.148712158203125,-5.2086920738220215,-8.42525863647461,-2.9934189319610596,-2.991079330444336,19.803882598876953,19.334802627563477,-0.0,-0.4000000059604645,-0.0,-0.0,off
3.3200000000000003,17.188844680786133,-5.263461589813232,-8.446870803833008,-2.9907920360565186,-2.9910504817962646,19.862276077270508,19.387521743774414,-0.0,-0.4000000059604645,-0.0,-0.0,off
3.34,17.227706909179688,-5.332685947418213,-8.413593292236328,-2.992196798324585,-2.9911649227142334,19.900251388549805,19.438785552978516,-0.0,-0.4000000059604645,-0.0,-0.0,off
3.36,17.291563034057617,-5.398012161254883,-8.354050636291504,-2.9943976402282715,-2.991487979888916,19.948102951049805,19.48969841003418,-0.0,-0.4000000059604645,-0.0,-0.0,off
3.38,17.300357818603516,-5.4678544998168945,-8.293981552124023,-2.9941625595092773,-2.991755485534668,19.949684143066406,19.535627365112305,-0.0,-0.4000000059604645,-0.0,-0.0,off
3.4,17.32399559020996,-5.548059940338135,-8.22379207611084,-2.9960975646972656,-2.992189645767212,19.963279724121094,19.578235626220703,-0.0,-0.4000000059604645,-0.0,-0.0,off
3.42,17.378183364868164,-5.593425750732422,-8.168105125427246,-3.0093894004821777,-2.9939093589782715,20.000141143798828,19.620206832885742,-0.0,-0.4000000059604645,-0.0,-0.0,off
3.44,17.44524574279785,-5.645937919616699,-8.082881927490234,-3.0199549198150635,-2.996513843536377,20.038618087768555,19.66170883178711,0.0,-0.4000000059604645,-0.0,0.0,off
3.46,17.48845672607422,-5.685091972351074,-8.03068733215332,-3.029566526412964,-2.999819040298462,20.066349029541016,19.7017765045166,0.0,-0.4000000059604645,-0.0,0.0,off
3.48,17.530540466308594,-5.704074382781982,-7.958218574523926,-3.0351755619049072,-3.003354549407959,20.079580307006836,19.739091873168945,-0.0,-0.4000000059604645,-0.0,-0.0,off
3.5,17.56146812438965,-5.735152244567871,-7.8698225021362305,-3.0466668605804443,-3.007685661315918,20.080617904663086,19.77267074584961,-0.0,-0.4000000059604645,-0.0,-0.0,off
3.52,17.593721389770508,-5.764760494232178,-7.754688262939453,-3.0636255741119385,-3.013279676437378,20.072534561157227,19.801918029785156,0.0,-0.4000000059604645,-0.0,0.0,off
3.54,17.556669235229492,-5.791214466094971,-7.662553787231445,-3.0787711143493652,-3.0198287963867188,20.01223373413086,19.8221492767334,-0.0,-0.4000000059604645,-0.0,-0.0,off
3.56,17.496675491333008,-5.845107078552246,-7.575962066650391,-3.0939605236053467,-3.0272419452667236,19.942270278930664,19.833288192749023,-0.0,-0.4000000059604645,-0.0,-0.0,off
3.58,17.39025115966797,-5.835777759552002,-7.436075210571289,-3.1142072677612305,-3.035938262939453,19.79323959350586,19.828330993652344,-0.0,-0.4000000059604645,-0.0,-0.0,off
3.6,17.061616897583008,-5.877225399017334,-7.275533676147461,-3.152926206588745,-3.0476369857788086,19.45697593688965,19.790145874023438,0.0,-0.4000000059604645,-0.0,0.0,off
3.62,16.989574432373047,-5.869298458099365,-7.116374969482422,-3.1734297275543213,-3.060216188430786,19.3322811126709,19.7431640625,-0.0,-0.4000000059604645,-0.0,-0.0,off
3.64,16.89788246154785,-5.877570152282715,-6.981212615966797,-3.193795919418335,-3.0735740661621094,19.204729080200195,19.688026428222656,-0.0,-0.4000000059604645,-0.0,-0.0,off
3.66,16.932069778442383,-5.894880294799805,-6.873753547668457,-3.1899054050445557,-3.085206985473633,19.20138168334961,19.637950897216797,-0.0,-0.4000000059604645,-0.0,-0.0,off
3.68,16.98189353942871,-5.904414176940918,-6.73275089263916,-3.1976702213287354,-3.0964531898498535,19.198352813720703,19.59235191345215,-0.0,-0.4000000059604645,-0.0,-0.0,off
3.7,17.110563278198242,-5.91166353225708,-6.552642822265625,-3.2088985443115234,-3.1076977252960205,19.2524356842041,19.556249618530273,-0.0,-0.4000000059604645,-0.0,-0.0,off
3.72,17.242481231689453,-5.911050796508789,-6.415002822875977,-3.2161412239074707,-3.118541955947876,19.323455810546875,19.530546188354492,-0.0,-0.4000000059604645,-0.0,-0.0,off
3.74,17.182058334350586,-5.942594051361084,-6.290569305419922,-3.2248523235321045,-3.1291728019714355,19.23821258544922,19.498857498168945,-0.0,-0.4000000059604645,-0.0,-0.0,off
3.7600000000000002,17.131959915161133,-5.989642143249512,-6.166086196899414,-3.2327985763549805,-3.1395351886749268,19.167694091796875,19.46321678161621,-0.0,-0.4000000059604645,-0.0,-0.0,off
3.7800000000000002,17.06987190246582,-6.036611557006836,-6.022687911987305,-3.2535533905029297,-3.1509368419647217,19.081247329711914,19.42234230041504,-0.0,-0.4000000059604645,-0.0,-0.0,off
3.8000000000000003,16.98906898498535,-6.055196285247803,-5.928866386413574,-3.2804174423217773,-3.1638848781585693,18.985397338867188,19.376123428344727,-0.0,-0.4000000059604645,-0.0,-0.0,off
3.8200000000000003,16.87607765197754,-6.0815205574035645,-5.846188545227051,-3.3053174018859863,-3.178028106689453,18.867029190063477,19.3228759765625,-0.0,-0.4000000059604645,-0.0,-0.0,off
3.84,16.74803924560547,-6.095545291900635,-5.713231086730957,-3.3288981914520264,-3.193114995956421,18.716129302978516,19.259841918945312,-0.0,-0.4000000059604645,-0.0,-0.0,off
3.86,16.655540466308594,-6.090295314788818,-5.653622627258301,-3.3471462726593018,-3.2085180282592773,18.613494873046875,19.19312858581543,-0.0,-0.4000000059604645,-0.0,-0.0,off
3.88,16.566389083862305,-6.072904109954834,-5.601329803466797,-3.363048553466797,-3.223971128463745,18.51216697692871,19.12323760986328,0.0,-0.4000000059604645,-0.0,0.0,off
3.9,16.466333389282227,-6.068020820617676,-5.525160789489746,-3.3850924968719482,-3.2400832176208496,18.398054122924805,19.049062728881836,-0.0,-0.4000000059604645,-0.0,-0.0,off
3.92,16.413150787353516,-6.073877811431885,-5.459996223449707,-3.3924992084503174,-3.255324602127075,18.332895278930664,18.97589874267578,-0.0,-0.4000000059604645,-0.0,-0.0,off
3.94,16.33411979675293,-6.063051223754883,-5.34676456451416,-3.40860915184021,-3.270653009414673,18.22503662109375,18.89923667907715,-0.0,-0.4000000059604645,-0.0,-0.0,off
3.96,16.250553131103516,-6.108273029327393,-5.251900672912598,-3.42956280708313,-3.286543846130371,18.137638092041016,18.821439743041992,-0.0,-0.4000000059604645,-0.0,-0.0,off
3.98,16.178165435791016,-6.088409423828125,-5.208135604858398,-3.4546544551849365,-3.3033547401428223,18.05343246459961,18.743227005004883,-0.0,-0.4000000059604645,-0.0,-0.0,off
4.0,16.048925399780273,-6.09437894821167,-5.146026611328125,-3.47629714012146,-3.3206489086151123,17.921804428100586,18.65978240966797,-0.0,-0.4000000059604645,-0.0,-0.0,off
4.0200000000000005,15.960935592651367,-6.143696308135986,-5.060544967651367,-3.494346857070923,-3.3380186557769775,17.835514068603516,18.57597541809082,-0.0,-0.4000000059604645,-0.0,-0.0,off
4.04,15.875723838806152,-6.186290264129639,-4.9948272705078125,-3.513821840286255,-3.3555989265441895,17.75547981262207,18.49253273010254,-0.0,-0.4000000059604645,-0.0,-0.0,off
4.0600000000000005,15.773346900939941,-6.247346878051758,-4.928041458129883,-3.52862548828125,-3.372901439666748,17.666730880737305,18.408496856689453,-0.0,-0.4000000059604645,-0.0,-0.0,off
4.08,15.632412910461426,-6.339130401611328,-4.869997978210449,-3.5437185764312744,-3.3899829387664795,17.557727813720703,18.321819305419922,-0.0,-0.4000000059604645,-0.0,-0.0,off
4.1,15.539374351501465,-6.449359893798828,-4.797401428222656,-3.552314043045044,-3.4062161445617676,17.49518394470215,18.237295150756836,-0.0,-0.4000000059604645,-0.0,-0.0,off
4.12,15.514918327331543,-6.552134037017822,-4.722891807556152,-3.554488182067871,-3.4210431575775146,17.49139404296875,18.160633087158203,-0.0,-0.4000000059604645,-0.0,-0.0,off
4.14,15.478632926940918,-6.6391448974609375,-4.646378517150879,-3.5608367919921875,-3.4350223541259766,17.4715518951416,18.089500427246094,-0.0,-0.4000000059604645,-0.0,-0.0,off
4.16,15.41974925994873,-6.682412624359131,-4.55467414855957,-3.567861318588257,-3.448306083679199,17.41172981262207,18.019454956054688,-0.0,-0.4000000059604645,-0.0,-0.0,off
4.18,15.410219192504883,-6.663793087005615,-4.490866661071777,-3.5689611434936523,-3.460371494293213,17.379552841186523,17.95348358154297,-0.0,-0.4000000059604645,-0.0,-0.0,off
4.2,15.370129585266113,-6.683187484741211,-4.412166595458984,-3.562067747116089,-3.470541000366211,17.331275939941406,17.88933753967285,-0.0,-0.4000000059604645,-0.0,-0.0,off
4.22,15.338360786437988,-6.657547950744629,-4.329136848449707,-3.5621111392974854,-3.4796979427337646,17.2722225189209,17.825868606567383,-0.0,-0.4000000059604645,-0.0,-0.0,off
4.24,15.379864692687988,-6.575746059417725,-4.255375862121582,-3.5594913959503174,-3.4876773357391357,17.259458541870117,17.767759323120117,-0.0,-0.4000000059604645,-0.0,-0.0,off
4.26,15.364266395568848,-6.5060553550720215,-4.191069602966309,-3.5527522563934326,-3.494184732437134,17.203327178955078,17.710050582885742,0.0,-0.4000000059604645,-0.0,0.0,off
4.28,15.36824893951416,-6.4306464195251465,-4.136621475219727,-3.539965867996216,-3.498762607574463,17.165311813354492,17.654481887817383,-0.0,-0.4000000059604645,-0.0,-0.0,off
4.3,15.391511917114258,-6.389766693115234,-4.065058708190918,-3.5324790477752686,-3.502134084701538,17.15378761291504,17.60333251953125,-0.0,-0.4000000059604645,-0.0,-0.0,off
4.32,15.419290542602539,-6.403262615203857,-4.001987457275391,-3.5291249752044678,-3.5048329830169678,17.168930053710938,17.558792114257812,-0.0,-0.4000000059604645,-0.0,-0.0,off
4.34,15.43830394744873,-6.352042198181152,-3.937128782272339,-3.536937952041626,-3.5080432891845703,17.151987075805664,17.517038345336914,-0.0,-0.4000000059604645,-0.0,-0.0,off
4.36,15.463982582092285,-6.314310073852539,-3.8836114406585693,-3.536381244659424,-3.5108771324157715,17.148984909057617,17.47919273376465,-0.0,-0.4000000059604645,-0.0,-0.0,off
4.38,15.511140823364258,-6.300292015075684,-3.7930333614349365,-3.531651258468628,-3.5129544734954834,17.1661376953125,17.44672203063965,-0.0,-0.4000000059604645,-0.0,-0.0,off
4.4,15.547383308410645,-6.276656150817871,-3.7617499828338623,-3.527641534805298,-3.514423131942749,17.183372497558594,17.4193115234375,-0.0,-0.4000000059604645,-0.0,-0.0,off
4.42,15.618491172790527,-6.259676456451416,-3.6769750118255615,-3.525294542312622,-3.515510320663452,17.223268508911133,17.398502349853516,-0.0,-0.4000000059604645,-0.0,-0.0,off
4.44,15.69713306427002,-6.260422229766846,-3.58393931388855,-3.5240609645843506,-3.5163652896881104,17.27534294128418,17.384824752807617,-0.0,-0.4000000059604645,-0.0,-0.0,off
4.46,15.799874305725098,-6.2523393630981445,-3.5545976161956787,-3.5175347328186035,-3.51648211479187,17.35980796813965,17.381013870239258,-0.0,-0.4000000059604645,-0.0,-0.0,off
4.48,15.851075172424316,-6.255972862243652,-3.496906042098999,-3.511615514755249,-3.5159952640533447,17.396038055419922,17.38121795654297,-0.0,-0.4000000059604645,-0.0,-0.0,off
4.5,15.869991302490234,-6.289830207824707,-3.4247548580169678,-3.5121405124664307,-3.5156097412109375,17.4111328125,17.38290786743164,-0.0,-0.4000000059604645,-0.0,-0.0,off
4.5200000000000005,15.989346504211426,-6.397101402282715,-3.33573317527771,-3.5043294429779053,-3.514481544494629,17.541643142700195,17.397329330444336,-0.0,-0.4000000059604645,-0.0,-0.0,off
4.54,16.0425968170166,-6.562890529632568,-3.252023458480835,-3.496250867843628,-3.5126583576202393,17.635534286499023,17.419570922851562,-0.0,-0.4000000059604645,-0.0,-0.0,off
4.5600000000000005,16.10748291015625,-6.804495334625244,-3.184377431869507,-3.480396032333374,-3.509432077407837,17.77336311340332,17.453123092651367,-0.0,-0.4000000059604645,-0.0,-0.0,off
4.58,16.176023483276367,-7.028449535369873,-3.0906054973602295,-3.458872079849243,-3.50437593460083,17.905715942382812,17.496122360229492,-0.0,-0.4000000059604645,-0.0,-0.0,off
4.6000000000000005,16.182392120361328,-7.227561950683594,-3.039299726486206,-3.4214656352996826,-3.4960849285125732,17.98179054260254,17.542173385620117,-0.0,-0.4000000059604645,-0.0,-0.0,off
4.62,16.0502986907959,-7.225998878479004,-2.9385488033294678,-3.381326198577881,-3.4846088886260986,17.845510482788086,17.570045471191406,-0.0,-0.4000000059604645,-0.0,-0.0,off
4.64,15.995702743530273,-7.355349540710449,-3.0127484798431396,-3.338365077972412,-3.469984531402588,17.8617000579834,17.597074508666992,-0.0,-0.4000000059604645,-0.0,-0.0,off
4.66,15.859919548034668,-7.708924770355225,-3.1976535320281982,-3.2025935649871826,-3.4432454109191895,17.921762466430664,17.626819610595703,-0.0,-0.4000000059604645,-0.0,-0.0,off
4.68,15.807892799377441,-7.972095012664795,-3.324700117111206,-3.123706102371216,-3.4112913608551025,18.013811111450195,17.662214279174805,-0.0,-0.4000000059604645,-0.0,-0.0,off
4.7,15.941546440124512,-7.835107326507568,-3.413490056991577,-3.149235725402832,-3.3850855827331543,18.08794403076172,17.703020095825195,-0.0,-0.4000000059604645,-0.0,-0.0,off
4.72,16.0573673248291,-8.066608428955078,-3.424015760421753,-3.214764356613159,-3.368053436279297,18.292980194091797,17.759918212890625,-0.0,-0.4000000059604645,-0.0,-0.0,off
4.74,16.038415908813477,-8.300251007080078,-3.378533124923706,-3.2069427967071533,-3.351942300796509,18.37224578857422,17.818416595458984,-0.0,-0.4000000059604645,-0.0,-0.0,off
4.76,16.123912811279297,-9.10977554321289,-3.3702170848846436,-3.188910722732544,-3.335638999938965,18.82357406616211,17.912405014038086,-0.0,-0.4000000059604645,-0.0,-0.0,off
4.78,16.09398078918457,-10.397796630859375,-3.2659308910369873,-3.185842752456665,-3.3206591606140137,19.436992645263672,18.048295974731445,-0.0,-0.4000000059604645,-0.0,-0.0,off
4.8,16.02853012084961,-10.564456939697266,-2.9697911739349365,-3.22995924949646,-3.311589002609253,19.42527198791504,18.16997528076172,-0.0,-0.4000000059604645,-0.0,-0.0,off
4.82,15.939933776855469,-10.720819473266602,-2.8947017192840576,-3.2151386737823486,-3.3019440174102783,19.42670249938965,18.280662536621094,-0.0,-0.4000000059604645,-0.0,-0.0,off
4.84,15.77078628540039,-10.577518463134766,-2.3097827434539795,-3.1734745502471924,-3.2890970706939697,19.129470825195312,18.35154914855957,-0.0,-0.4000000059604645,-0.0,-0.0,off
4.86,15.517172813415527,-10.377840042114258,-1.4051597118377686,-2.99662184715271,-3.2598493099212646,18.720489501953125,18.371475219726562,-0.0,-0.4000000059604645,-0.0,-0.0,off
4.88,14.771246910095215,-11.062089920043945,-0.9821727275848389,-2.718085527420044,-3.2056729793548584,18.48037338256836,18.354948043823242,-0.0,-0.4000000059604645,-0.0,-0.0,off
4.9,6.454042911529541,-11.47567367553711,1.3231728076934814,0.7181784510612488,-2.8132877349853516,13.232404708862305,17.627748489379883,-0.0,-0.4000000059604645,-0.0,-0.0,off
4.92,-4.0703253746032715,-8.831750869750977,3.7833569049835205,3.458247184753418,-2.186134099960327,10.434614181518555,15.963827133178711,-0.0,-0.4000000059604645,-0.0,-0.0,off
4.94,0.2168748527765274,-12.852201461791992,3.0393669605255127,2.678652048110962,-1.6996554136276245,13.208477020263672,15.127482414245605,-0.0,-0.4000000059604645,-0.0,-0.0,off
4.96,7.337005615234375,-16.08436393737793,1.5614464282989502,1.4469572305679321,-1.3849940299987793,17.747577667236328,15.202648162841797,-0.0,-0.4000000059604645,-0.0,-0.0,off
4.98,9.975043296813965,-16.846460342407227,0.6672937870025635,1.0007268190383911,-1.1464219093322754,19.58953857421875,15.55531120300293,-0.0,-0.4000000059604645,-0.0,-0.0,off
5.0,12.338189125061035,-14.896329879760742,-0.5090663433074951,0.42402905225753784,-0.9893767237663269,19.349178314208984,15.924346923828125,-0.0,-0.4000000059604645,-0.0,-0.0,off
5.0200000000000005,14.791223526000977,-14.509759902954102,-0.9938056468963623,0.15016382932662964,-0.8754226565361023,20.74370002746582,16.40618133544922,-0.0,-0.4000000059604645,-0.0,-0.0,off
5.04,16.292686462402344,-14.176568984985352,-1.9260480403900146,-0.13668471574783325,-0.8015488386154175,21.682628631591797,16.92813491821289,-0.0,-0.4000000059604645,-0.0,-0.0,off
5.0600000000000005,16.75590705871582,-12.214723587036133,-1.7569911479949951,-0.6580756306648254,-0.7872015237808228,20.809778213500977,17.296281814575195,-0.0,-0.4000000059604645,-0.0,-0.0,off
5.08,17.249998092651367,-11.156362533569336,-1.6758830547332764,-0.8482826352119446,-0.7933096289634705,20.611536026000977,17.596776962280273,-0.0,-0.4000000059604645,-0.0,-0.0,off
5.1000000000000005,17.768396377563477,-10.306512832641602,-1.3322303295135498,-0.8840473294258118,-0.8023833632469177,20.58433723449707,17.855209350585938,-0.0,-0.4000000059604645,-0.0,-0.0,off
5.12,18.182064056396484,-9.553251266479492,-0.2917811870574951,-0.9206803441047668,-0.8142130374908447,20.541109085083008,18.07421875,-0.0,-0.4000000059604645,-0.0,-0.0,off
5.14,18.279033660888672,-8.66633415222168,0.7706739902496338,-0.9804766774177551,-0.8308393955230713,20.244070053100586,18.229671478271484,-0.0,-0.4000000059604645,-0.0,-0.0,off
5.16,18.085336685180664,-7.8937506675720215,2.065868616104126,-1.0426799058914185,-0.8520234227180481,19.840829849243164,18.31644058227539,-0.0,-0.4000000059604645,-0.0,-0.0,off
5.18,17.926389694213867,-6.282636642456055,3.6755831241607666,-1.0862690210342407,-0.8754479885101318,19.347787857055664,18.302650451660156,-0.0,-0.4000000059604645,-0.0,-0.0,off
5.2,18.02812385559082,-5.1669440269470215,4.713442802429199,-1.1318284273147583,-0.9010860323905945,19.337194442749023,18.26272964477539,-0.0,-0.4000000059604645,-0.0,-0.0,off
5.22,18.564620971679688,-4.807187557220459,5.389646530151367,-1.0228382349014282,-0.9132612347602844,19.919902801513672,18.285160064697266,-0.0,-0.4000000059604645,-0.0,-0.0,off
5.24,18.900041580200195,-5.221782684326172,6.30557918548584,-0.8873265385627747,-0.9106677770614624,20.597061157226562,18.38996696472168,0.0,-0.4000000059604645,-0.0,0.0,off
5.26,19.025583267211914,-4.6429667472839355,7.264561653137207,-0.8038633465766907,-0.8999873399734497,20.88788604736328,18.504579544067383,-0.0,-0.4000000059604645,-0.0,-0.0,off
5.28,19.040748596191406,-3.850278854370117,8.466761589050293,-0.7214434742927551,-0.882132887840271,21.191055297851562,18.619138717651367,-0.0,-0.4000000059604645,-0.0,-0.0,off
5.3,19.106477737426758,-2.6643762588500977,9.701126098632812,-0.6996188759803772,-0.8638814687728882,21.593244552612305,18.733747482299805,-0.0,-0.4000000059604645,-0.0,-0.0,off
5.32,19.206518173217773,-1.5301868915557861,10.37738037109375,-0.7210212349891663,-0.8495954275131226,21.8842830657959,18.856523513793945,-0.0,-0.4000000059604645,-0.0,-0.0,off
5.34,19.38930892944336,-0.6615409851074219,10.705451011657715,-0.7535462975502014,-0.839990496635437,22.15828514099121,19.00308609008789,-0.0,-0.4000000059604645,-0.0,-0.0,off
5.36,19.259366989135742,-0.5826551914215088,11.054084777832031,-0.7728956341743469,-0.8332809805870056,22.213857650756836,19.169145584106445,-0.0,-0.4000000059604645,-0.0,-0.0,off
5.38,19.17902946472168,-0.8614165782928467,11.427969932556152,-0.7877600789070129,-0.8287288546562195,22.342241287231445,19.362890243530273,-0.0,-0.4000000059604645,-0.0,-0.0,off
5.4,18.8511905670166,-0.9397642612457275,11.879888534545898,-0.8328736424446106,-0.8291432857513428,22.30206871032715,19.550493240356445,-0.0,-0.4000000059604645,-0.0,-0.0,off
5.42,18.179426193237305,-1.0998716354370117,12.348917961120605,-0.9017317891120911,-0.8364021182060242,22.004478454589844,19.701271057128906,-0.0,-0.4000000059604645,-0.0,-0.0,off
5.44,17.1103458404541,-1.5098590850830078,12.78789234161377,-0.9737642407417297,-0.8501383066177368,21.414337158203125,19.785924911499023,-0.0,-0.4000000059604645,-0.0,-0.0,off
5.46,16.03573226928711,-2.041084051132202,12.90514850616455,-1.0015982389450073,-0.865284264087677,20.684621810913086,19.799264907836914,-0.0,-0.4000000059604645,-0.0,-0.0,off
5.48,15.628437042236328,-2.1760072708129883,13.322789192199707,-0.9832444787025452,-0.8770803213119507,20.651386260986328,19.811283111572266,-0.0,-0.4000000059604645,-0.0,-0.0,off
5.5,15.384870529174805,-2.327242851257324,13.766064643859863,-0.9802864193916321,-0.8874009251594543,20.77534294128418,19.838525772094727,-0.0,-0.4000000059604645,-0.0,-0.0,off
5.5200000000000005,14.775595664978027,-2.251114845275879,14.312491416931152,-0.9772868752479553,-0.8963894844055176,20.69379425048828,19.849857330322266,-0.0,-0.4000000059604645,-0.0,-0.0,off
5.54,13.879499435424805,-1.901319980621338,15.259026527404785,-0.9945216774940491,-0.9062026739120483,20.714570999145508,19.842126846313477,-0.0,-0.4000000059604645,-0.0,-0.0,off
5.5600000000000005,13.293232917785645,-1.657519817352295,16.2032413482666,-0.9914019703865051,-0.9147225618362427,21.023853302001953,19.85283088684082,-0.0,-0.4000000059604645,-0.0,-0.0,off
5.58,13.170112609863281,-1.5845322608947754,16.96388053894043,-0.9772031903266907,-0.920970618724823,21.534526824951172,19.916282653808594,-0.0,-0.4000000059604645,-0.0,-0.0,off
5.6000000000000005,13.137898445129395,-1.663184642791748,17.5671443939209,-0.9794767498970032,-0.9268211722373962,21.999433517456055,20.02927589416504,-0.0,-0.4000000059604645,-0.0,-0.0,off
5.62,13.023541450500488,-1.8065886497497559,17.761619567871094,-0.9981144070625305,-0.9339504837989807,22.098676681518555,20.155725479125977,-0.0,-0.4000000059604645,-0.0,-0.0,off
5.64,12.980927467346191,-1.9678292274475098,17.829364776611328,-1.0547460317611694,-0.9460300207138062,22.14188575744629,20.289222717285156,-0.0,-0.4000000059604645,-0.0,-0.0,off
5.66,13.111432075500488,-2.173243284225464,17.845001220703125,-1.0926088094711304,-0.9606878757476807,22.25031852722168,20.435834884643555,-0.0,-0.4000000059604645,-0.0,-0.0,off
5.68,13.588692665100098,-2.1982715129852295,17.887760162353516,-1.144360899925232,-0.9790551662445068,22.571151733398438,20.615419387817383,-0.0,-0.4000000059604645,-0.0,-0.0,off
5.7,14.041457176208496,-2.0568277835845947,17.81293487548828,-1.1873031854629517,-0.9998799562454224,22.77484893798828,20.809167861938477,-0.0,-0.4000000059604645,-0.0,-0.0,off
5.72,14.166844367980957,-1.688767671585083,17.600828170776367,-1.2318369150161743,-1.0230755805969238,22.657020568847656,20.977622985839844,-0.0,-0.4000000059604645,-0.0,-0.0,off
5.74,14.34873104095459,-1.2759003639221191,17.428245544433594,-1.2804430723190308,-1.0488123893737793,22.61100959777832,21.128292083740234,-0.0,-0.4000000059604645,-0.0,-0.0,off
5.76,14.558883666992188,-0.9278838634490967,17.272686004638672,-1.343908667564392,-1.078321933746338,22.609018325805664,21.266149520874023,-0.0,-0.4000000059604645,-0.0,-0.0,off
5.78,14.766690254211426,-0.6253776550292969,17.254253387451172,-1.417828917503357,-1.1122726202011108,22.719057083129883,21.40227508544922,-0.0,-0.4000000059604645,-0.0,-0.0,off
5.8,14.935115814208984,-0.44419431686401367,17.377941131591797,-1.4929112195968628,-1.150336503982544,22.918285369873047,21.54550552368164,-0.0,-0.4000000059604645,-0.0,-0.0,off
5.82,15.130574226379395,-0.13399600982666016,17.479028701782227,-1.5698271989822388,-1.1922855377197266,23.11857795715332,21.69428825378418,-0.0,-0.4000000059604645,-0.0,-0.0,off
5.84,15.26369857788086,0.05385613441467285,17.492582321166992,-1.627719759941101,-1.2358288764953613,23.215810775756836,21.838592529296875,-0.0,-0.4000000059604645,-0.0,-0.0,off
5.86,15.286049842834473,0.1657997965812683,17.382152557373047,-1.6693428754806519,-1.2791801691055298,23.14800262451172,21.96274185180664,-0.0,-0.4000000059604645,-0.0,-0.0,off
5.88,15.277220726013184,0.24912285804748535,17.23479461669922,-1.7023874521255493,-1.3215008974075317,23.03244972229004,22.063928604125977,-0.0,-0.4000000059604645,-0.0,-0.0,off
5.9,15.276627540588379,0.37415969371795654,16.96875,-1.7179735898971558,-1.3611481189727783,22.835363388061523,22.135892868041992,-0.0,-0.4000000059604645,-0.0,-0.0,off
5.92,15.245244026184082,0.4108325242996216,16.718002319335938,-1.7054122686386108,-1.3955745697021484,22.62913703918457,22.180912017822266,-0.0,-0.4000000059604645,-0.0,-0.0,off
5.94,15.15745735168457,0.3300464153289795,16.5789852142334,-1.6910876035690308,-1.4251258373260498,22.465978622436523,22.20636558532715,-0.0,-0.4000000059604645,-0.0,-0.0,off
5.96,15.117134094238281,0.32086098194122314,16.379924774169922,-1.710645079612732,-1.453677773475647,22.2919864654541,22.212486267089844,-0.0,-0.4000000059604645,-0.0,-0.0,off
5.98,15.166980743408203,0.32241690158843994,16.16568374633789,-1.7541416883468628,-1.4837241172790527,22.16913604736328,22.206035614013672,-0.0,-0.4000000059604645,-0.0,-0.0,off
6.0,15.275652885437012,0.40464067459106445,15.98837661743164,-1.7948778867721558,-1.51483952999115,22.116453170776367,22.19477081298828,-0.0,-0.4000000059604645,-0.0,-0.0,off
6.0200000000000005,15.374176979064941,0.5629972815513611,15.856167793273926,-1.8442555665969849,-1.5477811098098755,22.092992782592773,22.181791305541992,-0.0,-0.4000000059604645,-0.0,-0.0,off
6.04,15.454419136047363,0.6932209730148315,15.730088233947754,-1.8974400758743286,-1.582746982574463,22.062530517578125,22.166723251342773,-0.0,-0.4000000059604645,-0.0,-0.0,off
6.0600000000000005,15.539668083190918,0.7110810279846191,15.620866775512695,-1.9481357336044312,-1.6192858219146729,22.04537010192871,22.151601791381836,-0.0,-0.4000000059604645,-0.0,-0.0,off
6.08,15.603240013122559,0.7075017690658569,15.465778350830078,-1.9636448621749878,-1.6537216901779175,21.9807186126709,22.131643295288086,-0.0,-0.4000000059604645,-0.0,-0.0,off
6.1000000000000005,15.82862377166748,0.5903265476226807,15.301116943359375,-1.9739688634872437,-1.6857463121414185,22.02312469482422,22.117834091186523,-0.0,-0.4000000059604645,-0.0,-0.0,off
6.12,16.2520809173584,0.2824941873550415,15.126312255859375,-1.9935044050216675,-1.7165220975875854,22.203947067260742,22.12268829345703,-0.0,-0.4000000059604645,-0.0,-0.0,off
6.140000000000001,16.597475051879883,-0.07783859968185425,14.951101303100586,-2.0191550254821777,-1.7467854022979736,22.338703155517578,22.139324188232422,-0.0,-0.4000000059604645,-0.0,-0.0,off
6.16,16.670989990234375,-0.5667517185211182,14.83144474029541,-2.0428714752197266,-1.776394009590149,22.320728302001953,22.151975631713867,-0.0,-0.4000000059604645,-0.0,-0.0,off
6.18,16.53828239440918,-1.0509016513824463,14.751862525939941,-2.0693740844726562,-1.8056919574737549,22.186405181884766,22.149658203125,-0.0,-0.4000000059604645,-0.0,-0.0,off
6.2,16.55341911315918,-1.499518632888794,14.624378204345703,-2.094022512435913,-1.8345248699188232,22.13903045654297,22.141328811645508,-0.0,-0.4000000059604645,-0.0,-0.0,off
6.22,16.494245529174805,-1.785299301147461,14.430535316467285,-2.118845224380493,-1.8629568815231323,21.98835563659668,22.11799430847168,-0.0,-0.4000000059604645,-0.0,-0.0,off
6.24,16.49208641052246,-1.9552011489868164,14.107182502746582,-2.1550955772399902,-1.8921706676483154,21.790464401245117,22.07639503479004,-0.0,-0.4000000059604645,-0.0,-0.0,off
6.26,16.230289459228516,-2.1047253608703613,13.509373664855957,-2.1979405879974365,-1.9227476119995117,21.221576690673828,21.981006622314453,-0.0,-0.4000000059604645,-0.0,-0.0,off
6.28,16.332529067993164,-2.2669596672058105,12.828359603881836,-2.2324724197387695,-1.9537200927734375,20.891563415527344,21.85866928100586,-0.0,-0.4000000059604645,-0.0,-0.0,off
6.3,16.546676635742188,-2.5752410888671875,12.6896333694458,-2.260350227355957,-1.9843829870224,21.010740280151367,21.7589054107666,-0.0,-0.4000000059604645,-0.0,-0.0,off
6.32,16.826942443847656,-2.708372116088867,12.696532249450684,-2.286207914352417,-2.0145654678344727,21.252840042114258,21.693893432617188,-0.0,-0.4000000059604645,-0.0,-0.0,off
6.34,17.04715347290039,-2.8066301345825195,12.663331031799316,-2.306318998336792,-2.043740749359131,21.420610427856445,21.652976989746094,-0.0,-0.4000000059604645,-0.0,-0.0,off
6.36,17.178903579711914,-2.769775390625,12.614113807678223,-2.327655076980591,-2.072132110595703,21.491910934448242,21.625164031982422,-0.0,-0.4000000059604645,-0.0,-0.0,off
6.38,17.375045776367188,-2.7863025665283203,12.705615043640137,-2.3460733890533447,-2.0995261669158936,21.70456886291504,21.623268127441406,-0.0,-0.4000000059604645,-0.0,-0.0,off
6.4,17.694602966308594,-2.6006202697753906,12.6339693069458,-2.36826491355896,-2.1263999938964844,21.897016525268555,21.641761779785156,-0.0,-0.4000000059604645,-0.0,-0.0,off
6.42,18.165170669555664,-2.4739456176757812,12.648255348205566,-2.350795030593872,-2.1488394737243652,22.27267837524414,21.6961612701416,-0.0,-0.4000000059604645,-0.0,-0.0,off
6.44,18.017690658569336,-2.2884843349456787,13.039278984069824,-2.311213731765747,-2.165076732635498,22.358379364013672,21.758302688598633,-0.0,-0.4000000059604645,-0.0,-0.0,off
6.46,18.271549224853516,-2.0194787979125977,13.118252754211426,-2.287001371383667,-2.177269220352173,22.583541870117188,21.83734703063965,-0.0,-0.4000000059604645,-0.0,-0.0,off
6.48,18.30864143371582,-1.7307913303375244,13.151017189025879,-2.2685399055480957,-2.186396360397339,22.608654022216797,21.9116153717041,-0.0,-0.4000000059604645,-0.0,-0.0,off
6.5,18.341638565063477,-1.5639400482177734,13.27783203125,-2.260236978530884,-2.1937804222106934,22.69719123840332,21.988006591796875,-0.0,-0.4000000059604645,-0.0,-0.0,off
6.5200000000000005,18.426246643066406,-1.4205772876739502,13.35442066192627,-2.2708494663238525,-2.2014873027801514,22.800989151000977,22.067358016967773,-0.0,-0.4000000059604645,-0.0,-0.0,off
6.54,18.452909469604492,-1.270543098449707,13.402183532714844,-2.274608850479126,-2.208799362182617,22.84168815612793,22.142982482910156,-0.0,-0.4000000059604645,-0.0,-0.0,off
6.5600000000000005,18.6039981842041,-1.2417243719100952,13.346549987792969,-2.29052996635437,-2.2169723510742188,22.929914474487305,22.219751358032227,-0.0,-0.4000000059604645,-0.0,-0.0,off
6.58,18.711240768432617,-1.300517201423645,13.332937240600586,-2.3142027854919434,-2.2266952991485596,23.01236915588379,22.297340393066406,-0.0,-0.4000000059604645,-0.0,-0.0,off
6.6000000000000005,18.75615692138672,-1.4166532754898071,13.377129554748535,-2.325002670288086,-2.2365260124206543,23.08133316040039,22.374568939208984,-0.0,-0.4000000059604645,-0.0,-0.0,off
6.62,18.58118438720703,-1.4350857734680176,13.513158798217773,-2.303722858428955,-2.2432456016540527,23.02010726928711,22.438650131225586,-0.0,-0.4000000059604645,-0.0,-0.0,off
6.640000000000001,18.331140518188477,-1.356377124786377,13.658206939697266,-2.264573812484741,-2.245378255844116,22.90015411376953,22.4846134185791,-0.0,-0.4000000059604645,-0.0,-0.0,off
6.66,18.19326400756836,-1.2135189771652222,13.687359809875488,-2.2443454265594482,-2.2452750205993652,22.79936981201172,22.515783309936523,-0.0,-0.4000000059604645,-0.0,-0.0,off
6.68,18.141836166381836,-1.174103021621704,13.682222366333008,-2.23518443107605,-2.2442657947540283,22.753196716308594,22.539222717285156,-0.0,-0.4000000059604645,-0.0,-0.0,off
6.7,18.126428604125977,-1.1190247535705566,13.599616050720215,-2.230757474899292,-2.2429146766662598,22.68852424621582,22.5538330078125,-0.0,-0.30000001192092896,-0.0,-0.0,off
6.72,18.12162208557129,-1.0728931427001953,13.538995742797852,-2.2339608669281006,-2.2420191764831543,22.646162033081055,22.562728881835938,-0.0,-0.20000000298023224,-0.0,-0.0,off
6.74,18.133981704711914,-1.0523408651351929,13.570857048034668,-2.24162220954895,-2.2419795989990234,22.674144744873047,22.573570251464844,-0.0,-0.10000000149011612,-0.0,-0.0,off
6.76,18.05116844177246,-0.921738862991333,13.740476608276367,-2.2474822998046875,-2.2425296306610107,22.70451545715332,22.58616828918457,-0.0,-0.10000000149011612,-0.0,-0.0,off
6.78,17.9468936920166,-0.9469000101089478,14.000934600830078,-2.2447569370269775,-2.2427523136138916,22.78187370300293,22.60509490966797,-0.0,-0.10000000149011612,-0.0,-0.0,off
6.8,17.845861434936523,-0.9370421171188354,14.30214786529541,-2.236018180847168,-2.2420787811279297,22.888954162597656,22.63233757019043,-0.0,-0.10000000149011612,-0.0,-0.0,off
6.82,17.71720314025879,-0.88187575340271,14.484143257141113,-2.233529806137085,-2.2412238121032715,22.90125274658203,22.657609939575195,-0.0,-0.10000000149011612,-0.0,-0.0,off
6.84,17.57215690612793,-0.811028003692627,14.576586723327637,-2.244917631149292,-2.2415931224823,22.84546661376953,22.674461364746094,-0.0,-0.0,-0.0,-0.0,off
6.86,17.289474487304688,-0.7091085910797119,14.71189022064209,-2.2618191242218018,-2.2436156272888184,22.712738037109375,22.675504684448242,-0.0,-0.0,-0.0,-0.0,off
6.88,16.51763343811035,-0.31163519620895386,14.86400032043457,-2.256026029586792,-2.244856595993042,22.22313690185547,22.62394905090332,-0.0,-0.0,-0.0,-0.0,off
6.9,15.789463996887207,0.1052502989768982,14.960915565490723,-2.243178129196167,-2.2446887493133545,21.7519474029541,22.526283264160156,0.0,-0.0,-0.0,0.0,off
6.92,15.04566478729248,0.4536978602409363,15.093092918395996,-2.217622995376587,-2.2419819831848145,21.31617546081543,22.389930725097656,-0.0,-0.0,-0.0,-0.0,off
6.94,14.141568183898926,0.8028455972671509,15.2247953414917,-2.1754002571105957,-2.235323667526245,20.794780731201172,22.208251953125,-0.0,-0.0,-0.0,-0.0,off
6.96,12.632433891296387,0.5268075466156006,15.8023042678833,-2.107226848602295,-2.2225139141082764,20.237804412841797,21.973297119140625,-0.0,-0.0,-0.0,-0.0,off
6.98,10.185919761657715,-0.2304013967514038,17.272014617919922,-2.0596728324890137,-2.2062296867370605,20.053142547607422,21.688854217529297,0.0,-0.0,-0.0,0.0,off
7.0,8.014068603515625,-0.548583984375,18.733097076416016,-2.0257070064544678,-2.1881773471832275,20.38271713256836,21.398067474365234,-0.0,-0.0,-0.0,-0.0,off
7.0200000000000005,7.011094570159912,-0.7576110363006592,19.447811126708984,-2.0002148151397705,-2.1693809032440186,20.686874389648438,21.14948272705078,-0.0,-0.0,-0.0,-0.0,off
7.04,7.868452548980713,-0.7302448749542236,19.507450103759766,-1.962340235710144,-2.148676872253418,21.047243118286133,21.017723083496094,-0.0,-0.0,-0.0,-0.0,off
7.0600000000000005,8.142552375793457,-1.1049998998641968,18.707294464111328,-1.8620718717575073,-2.12001633644104,20.432451248168945,20.877607345581055,-0.0,-0.0,-0.0,-0.0,off
7.08,7.827330112457275,-1.243604302406311,18.20557403564453,-1.7930954694747925,-2.0873241424560547,19.85589599609375,20.707923889160156,-0.0,-0.0,-0.0,-0.0,off
7.1000000000000005,7.752685070037842,-1.7785346508026123,17.789857864379883,-1.7250922918319702,-2.051100969314575,19.48708152770996,20.53137969970703,-0.0,-0.0,-0.0,-0.0,off
7.12,7.492606163024902,-2.3332738876342773,18.083290100097656,-1.6727033853530884,-2.013261079788208,19.7126522064209,20.393898010253906,-0.0,-0.0,-0.0,-0.0,off
7.140000000000001,7.090740203857422,-1.4783744812011719,17.45233917236328,-1.695349097251892,-1.9814698696136475,18.895721435546875,20.201244354248047,-0.0,-0.0,-0.0,-0.0,off
7.16,5.769143581390381,-1.1704227924346924,15.441810607910156,-1.7214447259902954,-1.9554672241210938,16.52581024169922,19.79360580444336,-0.0,-0.0,-0.0,-0.0,off
7.18,0.9384615421295166,-1.6600022315979004,12.096013069152832,-1.6749242544174194,-1.9274128675460815,12.245401382446289,18.90021514892578,-0.0,-0.0,-0.0,-0.0,off
7.2,1.2840511798858643,-0.6365296840667725,12.042268753051758,-1.8549503087997437,-1.9201666116714478,12.127249717712402,18.118995666503906,-0.0,-0.0,-0.0,-0.0,off
7.22,4.462907791137695,-0.6828634738922119,13.590227127075195,-1.7214275598526,-1.9002926349639893,14.320549011230469,17.714767456054688,-0.0,-0.0,-0.0,-0.0,off
7.24,5.546253204345703,-1.4402010440826416,14.590791702270508,-1.5589648485183716,-1.8661599159240723,15.6756591796875,17.497716903686523,-0.0,-0.0,-0.0,-0.0,off
7.26,6.957726001739502,-3.1347615718841553,14.284453392028809,-1.2110189199447632,-1.8006457090377808,16.195131301879883,17.353376388549805,-0.0,-0.0,-0.0,-0.0,off
7.28,7.566683292388916,-3.3556108474731445,12.926872253417969,-0.8777962327003479,-1.7083607912063599,15.34988021850586,17.135990142822266,-0.0,-0.0,-0.0,-0.0,off
7.3,7.92120885848999,-3.5675387382507324,10.790122985839844,-0.59095698595047,-1.5966204404830933,13.852785110473633,16.774648666381836,-0.0,-0.0,-0.0,-0.0,off
7.32,8.398833274841309,-3.3405709266662598,7.973967552185059,-0.480215847492218,-1.4849798679351807,12.053380012512207,16.23160171508789,-0.0,-0.0,-0.0,-0.0,off
7.34,8.996748924255371,-3.4008665084838867,5.642416000366211,-0.5370267033576965,-1.3901845216751099,11.150975227355957,15.586708068847656,-0.0,-0.0,-0.0,-0.0,off
7.36,9.84777545928955,-3.036831855773926,3.3754074573516846,-0.7935407757759094,-1.3305200338363647,10.844095230102539,14.879546165466309,-0.0,-0.0,-0.0,-0.0,off
7.38,10.355851173400879,-3.378032684326172,2.1800425052642822,-0.8498380780220032,-1.282451868057251,11.108885765075684,14.214174270629883,0.0,-0.0,-0.0,0.0,off
7.4,10.755768775939941,-3.4796600341796875,1.3889496326446533,-0.8752055764198303,-1.2417272329330444,11.389634132385254,13.621944427490234,-0.0,-0.10000000149011612,-0.0,-0.0,off
7.42,10.702239036560059,-4.573732852935791,0.7856314182281494,-0.8978336453437805,-1.207337737083435,11.665083885192871,13.107728004455566,-0.0,-0.10000000149011612,-0.0,-0.0,off
7.44,10.654242515563965,-5.80619478225708,-0.06980395317077637,-0.8445029854774475,-1.1710541248321533,12.13382339477539,12.660648345947266,-0.0,-0.10000000149011612,-0.0,-0.0,off
7.46,10.445137023925781,-7.659957408905029,-0.00779414176940918,-0.7340524792671204,-1.1273539066314697,12.95283317565918,12.3518648147583,-0.0,-0.10000000149011612,-0.0,-0.0,off
7.48,10.360138893127441,-8.228883743286133,0.3971998691558838,-0.6573131680488586,-1.0803498029708862,13.236494064331055,12.167680740356445,-0.0,-0.10000000149011612,-0.0,-0.0,off
7.5,10.181737899780273,-7.469322681427002,0.912888765335083,-0.5697773098945618,-1.0292924642562866,12.66064453125,12.038688659667969,-0.0,-0.10000000149011612,-0.0,-0.0,off
7.5200000000000005,10.58242130279541,-4.469096660614014,0.039092302322387695,-0.5734420418739319,-0.9837073683738708,11.487470626831055,11.835850715637207,0.0,-0.10000000149011612,-0.0,0.0,off
7.54,12.754149436950684,-2.5444517135620117,-0.28186678886413574,-0.526318371295929,-0.9379684925079346,13.008536338806152,11.777464866638184,-0.0,-0.20000000298023224,-0.0,-0.0,off
7.5600000000000005,14.618683815002441,-1.0758030414581299,-0.5567224025726318,-0.4573543667793274,-0.8899070620536804,14.668783187866211,11.862797737121582,-0.0,-0.20000000298023224,-0.0,-0.0,off
7.58,12.99202823638916,-0.6742660999298096,-0.206618070602417,-0.39069491624832153,-0.8399857878684998,13.011154174804688,11.837839126586914,-0.0,-0.20000000298023224,-0.0,-0.0,off
7.6000000000000005,10.629327774047852,-0.22364258766174316,0.24741387367248535,-0.3042333722114563,-0.7864105105400085,10.63455867767334,11.628944396972656,-0.0,-0.20000000298023224,-0.0,-0.0,off
7.62,10.210610389709473,-0.2068469524383545,-0.5374410152435303,-0.18825513124465942,-0.7265949845314026,10.226836204528809,11.394527435302734,0.0,-0.20000000298023224,-0.0,0.0,off
7.640000000000001,10.148613929748535,-0.9329016208648682,-0.2735307216644287,-0.13336950540542603,-0.6672724485397339,10.19507122039795,11.21696949005127,-0.0,-0.20000000298023224,-0.0,-0.0,off
7.66,10.94257640838623,-1.4815165996551514,-0.22058939933776855,-0.10455615073442459,-0.6110007762908936,11.044615745544434,11.155766487121582,-0.0,-0.20000000298023224,-0.0,-0.0,off
7.68,12.073761940002441,-2.0098841190338135,-0.23273539543151855,-0.06701571494340897,-0.5566022992134094,12.242120742797852,11.228154182434082,-0.0,-0.20000000298023224,-0.0,-0.0,off
7.7,12.964548110961914,-2.9557766914367676,-0.10458254814147949,0.02014010399580002,-0.498928040266037,13.29763412475586,11.409099578857422,-0.0,-0.20000000298023224,-0.0,-0.0,off
7.72,13.176335334777832,-3.4983057975769043,-0.3199584484100342,0.10507886856794357,-0.43852734565734863,13.636580467224121,11.60677719116211,0.0,-0.20000000298023224,-0.0,0.0,off
7.74,13.272480964660645,-3.7084717750549316,0.018891096115112305,0.20102828741073608,-0.3745717704296112,13.780851364135742,11.808850288391113,-0.0,-0.20000000298023224,-0.0,-0.0,off
7.76,13.897974014282227,-3.529968738555908,0.6722524166107178,0.31387823820114136,-0.3057267367839813,14.355009078979492,12.05823040008545,-0.0,-0.20000000298023224,-0.0,-0.0,off
7.78,14.786665916442871,-3.5718607902526855,1.154538869857788,0.4232019782066345,-0.2328338623046875,15.255708694458008,12.376269340515137,-0.0,-0.20000000298023224,-0.0,-0.0,off
7.8,15.442268371582031,-3.3385727405548096,1.3528821468353271,0.49841684103012085,-0.15970878303050995,15.856860160827637,12.723076820373535,-0.0,-0.20000000298023224,-0.0,-0.0,off
7.82,15.594472885131836,-2.937791347503662,1.230316400527954,0.4741770625114441,-0.09632018953561783,15.916403770446777,13.039767265319824,-0.0,-0.20000000298023224,-0.0,-0.0,off
7.84,15.574785232543945,-2.8464481830596924,0.8828451633453369,0.4248284697532654,-0.04420531913638115,15.857352256774902,13.317798614501953,-0.0,-0.20000000298023224,-0.0,-0.0,off
7.86,15.290362358093262,-3.270801067352295,0.687856912612915,0.39153486490249634,-0.0006312988698482513,15.65140438079834,13.548521995544434,-0.0,-0.20000000298023224,-0.0,-0.0,off
7.88,15.21362590789795,-3.6208786964416504,0.7439954280853271,0.3669254183769226,0.036124370992183685,15.656267166137695,13.757461547851562,0.0,-0.20000000298023224,-0.0,0.0,off
7.9,14.878889083862305,-3.7977614402770996,0.5992071628570557,0.3412935137748718,0.06664128601551056,15.367608070373535,13.916070938110352,-0.0,-0.20000000298023224,-0.0,-0.0,off
7.92,14.238821029663086,-3.93133544921875,0.3949854373931885,0.3259897828102112,0.09257613122463226,14.776854515075684,13.998580932617188,-0.0,-0.20000000298023224,-0.0,-0.0,off
7.94,13.639424324035645,-3.846371650695801,-0.30267834663391113,0.328669011592865,0.11618541926145554,14.174628257751465,14.008423805236816,-0.0,-0.20000000298023224,-0.0,-0.0,off
7.96,13.302753448486328,-3.698798179626465,-0.8475425243377686,0.3264344334602356,0.13721030950546265,13.833390235900879,13.979443550109863,-0.0,-0.20000000298023224,-0.0,-0.0,off
7.98,13.066309928894043,-3.595244884490967,-1.363330602645874,0.29110103845596313,0.15259937942028046,13.620312690734863,13.927876472473145,-0.0,-0.20000000298023224,-0.0,-0.0,off
8.0,12.9843168258667,-3.5791077613830566,-1.6342449188232422,0.24500948190689087,0.16184039413928986,13.567359924316406,13.875304222106934,-0.0,-0.20000000298023224,-0.0,-0.0,off
8.02,12.449003219604492,-3.5718917846679688,-1.8425886631011963,0.1881510615348816,0.16447144746780396,13.081713676452637,13.778751373291016,-0.0,-0.20000000298023224,-0.0,-0.0,off
8.040000000000001,11.805685043334961,-3.6242504119873047,-1.9899485111236572,0.14657872915267944,0.1626821756362915,12.508769035339355,13.634018898010254,-0.0,-0.20000000298023224,-0.0,-0.0,off
8.06,11.496864318847656,-3.523378372192383,-2.062974691390991,0.1452488899230957,0.16093884408473969,12.200325965881348,13.474583625793457,0.0,-0.20000000298023224,-0.0,0.0,off
8.08,11.6889009475708,-3.4771218299865723,-1.9987399578094482,0.1896396279335022,0.1638089120388031,12.357821464538574,13.351012229919434,-0.0,-0.20000000298023224,-0.0,-0.0,off
8.1,12.004000663757324,-3.4317896366119385,-2.0765750408172607,0.20209819078445435,0.16763783991336823,12.6564359664917,13.271492004394531,-0.0,-0.20000000298023224,-0.0,-0.0,off
8.120000000000001,12.409539222717285,-3.2181918621063232,-2.077483892440796,0.1541725993156433,0.16629131138324738,12.987277030944824,13.235355377197266,-0.0,-0.20000000298023224,-0.0,-0.0,off
8.14,12.765807151794434,-3.0553109645843506,-2.0340473651885986,0.10565011948347092,0.1602271944284439,13.283000946044922,13.234185218811035,-0.0,-0.20000000298023224,-0.0,-0.0,off
8.16,12.991363525390625,-2.777029037475586,-2.133608102798462,0.05820219963788986,0.1500246822834015,13.455099105834961,13.249807357788086,-0.0,-0.20000000298023224,-0.0,-0.0,off
8.18,13.249292373657227,-2.6130387783050537,-2.2652618885040283,0.011228255927562714,0.13614504039287567,13.693178176879883,13.28713607788086,-0.0,-0.20000000298023224,-0.0,-0.0,off
8.2,13.352581977844238,-2.61039400100708,-2.470046281814575,-0.023176737129688263,0.1202128604054451,13.827752113342285,13.333952903747559,-0.0,-0.20000000298023224,-0.0,-0.0,off
8.22,13.316462516784668,-2.8200225830078125,-2.7056796550750732,-0.059463806450366974,0.10224518924951553,13.878090858459473,13.38138484954834,-0.0,-0.20000000298023224,-0.0,-0.0,off
8.24,13.316792488098145,-2.982243537902832,-2.939866304397583,-0.09519345313310623,0.08250132203102112,13.959712028503418,13.431946754455566,-0.0,-0.20000000298023224,-0.0,-0.0,off
8.26,13.249709129333496,-3.0956239700317383,-3.001732110977173,-0.12801295518875122,0.061449892818927765,13.93370246887207,13.475811004638672,-0.0,-0.20000000298023224,-0.0,-0.0,off
8.28,13.339015007019043,-3.2231597900390625,-3.0463216304779053,-0.1369209885597229,0.04161280393600464,14.056961059570312,13.528679847717285,-0.0,-0.20000000298023224,-0.0,-0.0,off
8.3,13.375836372375488,-3.224926471710205,-2.9624993801116943,-0.13356000185012817,0.024095524102449417,14.074429512023926,13.579666137695312,-0.0,-0.20000000298023224,-0.0,-0.0,off
8.32,13.493128776550293,-3.1927261352539062,-2.7794806957244873,-0.13107305765151978,0.008578664623200893,14.14155387878418,13.634041786193848,-0.0,-0.20000000298023224,-0.0,-0.0,off
8.34,13.506393432617188,-3.288785696029663,-2.5511105060577393,-0.12100846320390701,-0.004380048718303442,14.133186340332031,13.683319091796875,-0.0,-0.20000000298023224,-0.0,-0.0,off
8.36,13.495348930358887,-3.457551956176758,-2.4391486644744873,-0.109043188393116,-0.014846362173557281,14.143144607543945,13.728907585144043,-0.0,-0.20000000298023224,-0.0,-0.0,off
8.38,13.330018043518066,-3.5999555587768555,-2.3403069972991943,-0.09162528067827225,-0.022524254396557808,14.00450325012207,13.755940437316895,-0.0,-0.20000000298023224,-0.0,-0.0,off
8.4,13.104398727416992,-3.715714454650879,-2.303497076034546,-0.06840712577104568,-0.02711254172027111,13.814409255981445,13.760918617248535,-0.0,-0.20000000298023224,-0.0,-0.0,off
8.42,12.95499324798584,-3.8983163833618164,-2.3719236850738525,-0.06683332473039627,-0.031084619462490082,13.735164642333984,13.756766319274902,0.0,-0.20000000298023224,-0.0,0.0,off
8.44,12.755919456481934,-4.048446178436279,-2.4028313159942627,-0.06257302314043045,-0.034233458340168,13.59694766998291,13.738521575927734,0.0,-0.20000000298023224,-0.0,0.0,off
8.46,12.614048957824707,-4.126274585723877,-2.4150965213775635,-0.06494659930467606,-0.037304773926734924,13.489738464355469,13.711170196533203,-0.0,-0.20000000298023224,-0.0,-0.0,off
8.48,12.483719825744629,-4.1499433517456055,-2.415738344192505,-0.07988674193620682,-0.041562967002391815,13.375391006469727,13.675237655639648,-0.0,-0.20000000298023224,-0.0,-0.0,off
8.5,12.285038948059082,-4.213394641876221,-2.4552876949310303,-0.10746581107378006,-0.04815325140953064,13.217537879943848,13.626802444458008,-0.0,-0.20000000298023224,-0.0,-0.0,off
8.52,12.031643867492676,-4.261947154998779,-2.4471185207366943,-0.1265888810157776,-0.055996812880039215,12.996654510498047,13.56086540222168,-0.0,-0.20000000298023224,-0.0,-0.0,off
8.540000000000001,11.803261756896973,-4.232954502105713,-2.4602019786834717,-0.14052945375442505,-0.06445007771253586,12.778399467468262,13.479881286621094,-0.0,-0.20000000298023224,-0.0,-0.0,off
8.56,11.565360069274902,-4.271451950073242,-2.446544885635376,-0.16233307123184204,-0.0742383748292923,12.569345474243164,13.385896682739258,-0.0,-0.20000000298023224,-0.0,-0.0,off
8.58,11.377934455871582,-4.299319744110107,-2.4781124591827393,-0.183538019657135,-0.08516833931207657,12.41300106048584,13.285553932189941,-0.0,-0.20000000298023224,-0.0,-0.0,off
8.6,11.282326698303223,-4.34257173538208,-2.520247220993042,-0.20122534036636353,-0.09677404165267944,12.34910774230957,13.188838958740234,-0.0,-0.20000000298023224,-0.0,-0.0,off
8.620000000000001,11.168336868286133,-4.428718090057373,-2.5258028507232666,-0.2199135422706604,-0.1090879887342453,12.277009963989258,13.09436321258545,-0.0,-0.20000000298023224,-0.0,-0.0,off
8.64,11.099603652954102,-4.543304920196533,-2.592791795730591,-0.2473941445350647,-0.12291859835386276,12.270508766174316,13.008257865905762,-0.0,-0.20000000298023224,-0.0,-0.0,off
8.66,11.020588874816895,-4.699679374694824,-2.6284873485565186,-0.2837689518928528,-0.13900363445281982,12.265777587890625,12.929661750793457,-0.0,-0.20000000298023224,-0.0,-0.0,off
8.68,10.914846420288086,-4.857879638671875,-2.6448042392730713,-0.31780320405960083,-0.1568835824728012,12.236333847045898,12.855314254760742,-0.0,-0.20000000298023224,-0.0,-0.0,off
8.700000000000001,10.886672019958496,-5.002152442932129,-2.6884171962738037,-0.3527868390083313,-0.17647391557693481,12.278792381286621,12.792316436767578,-0.0,-0.20000000298023224,-0.0,-0.0,off
8.72,10.855340957641602,-5.130646705627441,-2.682551622390747,-0.3868730664253235,-0.19751381874084473,12.302765846252441,12.737957000732422,-0.0,-0.20000000298023224,-0.0,-0.0,off
8.74,10.852184295654297,-5.246085166931152,-2.6926486492156982,-0.4167512059211731,-0.21943755447864532,12.350775718688965,12.693951606750488,-0.0,-0.20000000298023224,-0.0,-0.0,off
8.76,10.796271324157715,-5.292346954345703,-2.695697546005249,-0.4498935341835022,-0.24248313903808594,12.322142601013184,12.651926040649414,-0.0,-0.20000000298023224,-0.0,-0.0,off
8.78,10.764992713928223,-5.35887336730957,-2.699404001235962,-0.480490505695343,-0.26628386974334717,12.3243408203125,12.614649772644043,-0.0,-0.20000000298023224,-0.0,-0.0,off
8.8,10.720629692077637,-5.430431842803955,-2.748223066329956,-0.5039353966712952,-0.2900490164756775,12.327781677246094,12.581572532653809,-0.0,-0.20000000298023224,-0.0,-0.0,off
8.82,10.678160667419434,-5.502731800079346,-2.7576491832733154,-0.5280678868293762,-0.31385090947151184,12.325088500976562,12.551719665527344,-0.0,-0.20000000298023224,-0.0,-0.0,off
8.84,10.631712913513184,-5.570498466491699,-2.7697999477386475,-0.5527778267860413,-0.3377436101436615,12.318099021911621,12.524332046508789,-0.0,-0.20000000298023224,-0.0,-0.0,off
8.86,10.593096733093262,-5.636018753051758,-2.840985059738159,-0.5889540314674377,-0.3628646433353424,12.330840110778809,12.501047134399414,-0.0,-0.20000000298023224,-0.0,-0.0,off
8.88,10.590666770935059,-5.715743541717529,-2.8752553462982178,-0.6205223202705383,-0.38863039016723633,12.373319625854492,12.484528541564941,-0.0,-0.20000000298023224,-0.0,-0.0,off
8.9,10.581625938415527,-5.738555908203125,-2.8906915187835693,-0.645989716053009,-0.41436630487442017,12.379738807678223,12.470823287963867,-0.0,-0.20000000298023224,-0.0,-0.0,off
8.92,10.579398155212402,-5.796298027038574,-2.937065839767456,-0.6806886792182922,-0.44099852442741394,12.41559886932373,12.462285995483398,-0.0,-0.20000000298023224,-0.0,-0.0,off
8.94,10.631800651550293,-5.943453311920166,-2.9683234691619873,-0.7169850468635559,-0.4685971736907959,12.536776542663574,12.466636657714844,-0.0,-0.20000000298023224,-0.0,-0.0,off
8.96,10.65454387664795,-5.999713897705078,-3.031771421432495,-0.7506154179573059,-0.4967989921569824,12.597916603088379,12.47693157196045,-0.0,-0.20000000298023224,-0.0,-0.0,off
8.98,10.684338569641113,-6.104401588439941,-3.124382734298706,-0.7850926518440247,-0.5256283283233643,12.695691108703613,12.495920181274414,-0.0,-0.20000000298023224,-0.0,-0.0,off
9.0,10.778325080871582,-6.221482753753662,-3.186937093734741,-0.8229749798774719,-0.5553629994392395,12.846622467041016,12.528271675109863,-0.0,-0.20000000298023224,-0.0,-0.0,off
9.02,10.874558448791504,-6.385955333709717,-3.287651777267456,-0.8772106766700745,-0.587547779083252,13.032463073730469,12.57583236694336,-0.0,-0.20000000298023224,-0.0,-0.0,off
9.040000000000001,10.944947242736816,-6.495868682861328,-3.3844029903411865,-0.9326117634773254,-0.6220541596412659,13.16975212097168,12.632434844970703,-0.0,-0.20000000298023224,-0.0,-0.0,off
9.06,10.911493301391602,-6.613845348358154,-3.459038496017456,-0.9846571087837219,-0.6583144664764404,13.220006942749023,12.688140869140625,-0.0,-0.20000000298023224,-0.0,-0.0,off
9.08,10.851449966430664,-6.788686275482178,-3.5714824199676514,-1.0225528478622437,-0.6947382688522339,13.288931846618652,12.744436264038086,-0.0,-0.20000000298023224,-0.0,-0.0,off
9.1,10.820590019226074,-7.031617164611816,-3.683336019515991,-1.063550353050232,-0.7316194176673889,13.419977188110352,12.807234764099121,-0.0,-0.20000000298023224,-0.0,-0.0,off
9.120000000000001,10.748141288757324,-7.249742031097412,-3.7958695888519287,-1.1111394166946411,-0.7695714235305786,13.508883476257324,12.871654510498047,-0.0,-0.20000000298023224,-0.0,-0.0,off
9.14,10.635336875915527,-7.519201755523682,-3.9065425395965576,-1.1482371091842651,-0.8074379563331604,13.598156929016113,12.937043190002441,-0.0,-0.20000000298023224,-0.0,-0.0,off
9.16,10.559493064880371,-7.759209156036377,-4.068842887878418,-1.1800636053085327,-0.8447005152702332,13.720922470092773,13.006938934326172,-0.0,-0.20000000298023224,-0.0,-0.0,off
9.18,10.5023775100708,-8.015560150146484,-4.321988105773926,-1.2091881036758423,-0.8811492323875427,13.900673866271973,13.08625316619873,-0.0,-0.20000000298023224,-0.0,-0.0,off
9.200000000000001,10.476625442504883,-8.525596618652344,-4.542293548583984,-1.2583931684494019,-0.91887366771698,14.250540733337402,13.189484596252441,-0.0,-0.20000000298023224,-0.0,-0.0,off
9.22,10.40768051147461,-9.03856086730957,-4.764069557189941,-1.3152803182601929,-0.9585142731666565,14.584641456604004,13.312421798706055,-0.0,-0.20000000298023224,-0.0,-0.0,off
9.24,10.332602500915527,-9.939231872558594,-5.168157577514648,-1.3633784055709839,-0.9990006685256958,15.240106582641602,13.480306625366211,-0.0,-0.20000000298023224,-0.0,-0.0,off
9.26,10.231013298034668,-10.958480834960938,-5.6426496505737305,-1.3929370641708374,-1.0383943319320679,16.018783569335938,13.69914722442627,-0.0,-0.20000000298023224,-0.0,-0.0,off
9.28,10.140909194946289,-12.265113830566406,-6.021632194519043,-1.441315770149231,-1.0786864757537842,17.015613555908203,13.983550071716309,-0.0,-0.20000000298023224,-0.0,-0.0,off
9.3,10.10680103302002,-13.417972564697266,-6.481258392333984,-1.4923218488693237,-1.1200499534606934,18.005447387695312,14.330952644348145,-0.0,-0.20000000298023224,-0.0,-0.0,off
9.32,10.054518699645996,-14.609321594238281,-7.037343978881836,-1.5642224550247192,-1.164467215538025,19.080089569091797,14.744466781616211,-0.0,-0.20000000298023224,-0.0,-0.0,off
9.34,10.012531280517578,-16.014829635620117,-7.606138229370117,-1.6210373640060425,-1.2101242542266846,20.361209869384766,15.237874031066895,-0.0,-0.20000000298023224,-0.0,-0.0,off
9.36,9.936138153076172,-17.264583587646484,-8.195693969726562,-1.6853381395339966,-1.257645606994629,21.539779663085938,15.797188758850098,-0.0,-0.20000000298023224,-0.0,-0.0,off
9.38,9.960232734680176,-18.016536712646484,-8.903777122497559,-1.770715355873108,-1.3089525699615479,22.429424285888672,16.396108627319336,-0.0,-0.20000000298023224,-0.0,-0.0,off
9.4,10.011313438415527,-18.61441421508789,-9.460986137390137,-1.8501173257827759,-1.3630690574645996,23.156707763671875,17.01643180847168,-0.0,-0.20000000298023224,-0.0,-0.0,off
9.42,9.965828895568848,-18.954486846923828,-9.974669456481934,-1.9226914644241333,-1.4190313816070557,23.623809814453125,17.629213333129883,-0.0,-0.20000000298023224,-0.0,-0.0,off
9.44,9.93579387664795,-19.18349838256836,-10.227323532104492,-2.01617431640625,-1.478745698928833,23.902400970458984,18.217063903808594,-0.0,-0.20000000298023224,-0.0,-0.0,off
9.46,10.073328971862793,-19.472015380859375,-10.235740661621094,-2.1402859687805176,-1.5448997020721436,24.19507598876953,18.78497314453125,-0.0,-0.20000000298023224,-0.0,-0.0,off
9.48,10.123888969421387,-19.38406753540039,-10.016514778137207,-2.2403900623321533,-1.6144486665725708,24.053394317626953,19.290733337402344,-0.0,-0.20000000298023224,-0.0,-0.0,off
9.5,10.140042304992676,-19.174413681030273,-9.554277420043945,-2.305269718170166,-1.6835306882858276,23.701536178588867,19.7176513671875,-0.0,-0.20000000298023224,-0.0,-0.0,off
9.52,10.119332313537598,-19.326969146728516,-8.952192306518555,-2.353053092956543,-1.7504829168319702,23.581228256225586,20.09231185913086,-0.0,-0.20000000298023224,-0.0,-0.0,off
9.540000000000001,10.177667617797852,-18.883392333984375,-8.14405632019043,-2.376279830932617,-1.8130625486373901,22.945438385009766,20.369436264038086,-0.0,-0.20000000298023224,-0.0,-0.0,off
9.56,10.241168022155762,-18.68832778930664,-6.819413185119629,-2.4092025756835938,-1.8726766109466553,22.374975204467773,20.558380126953125,-0.0,-0.20000000298023224,-0.0,-0.0,off
9.58,10.061233520507812,-17.797691345214844,-4.841426849365234,-2.4754951000213623,-1.9329584836959839,21.0101318359375,20.579492568969727,-0.0,-0.20000000298023224,-0.0,-0.0,off
9.6,9.362765312194824,-17.205547332763672,-3.6365811824798584,-2.475590944290161,-1.9872217178344727,19.922775268554688,20.47968864440918,-0.0,-0.20000000298023224,-0.0,-0.0,off
9.620000000000001,8.645088195800781,-18.109310150146484,-0.7364299297332764,-2.5511581897735596,-2.0436153411865234,20.08051300048828,20.340591430664062,-0.0,-0.20000000298023224,-0.0,-0.0,off
9.64,8.11592960357666,-18.52023696899414,0.7565901279449463,-2.5856242179870605,-2.097816228866577,20.234621047973633,20.199289321899414,-0.0,-0.20000000298023224,-0.0,-0.0,off
9.66,8.263946533203125,-18.434778213500977,1.0362989902496338,-2.519812822341919,-2.1400158405303955,20.228883743286133,20.089204788208008,-0.0,-0.20000000298023224,-0.0,-0.0,off
9.68,8.588127136230469,-16.748292922973633,0.43676114082336426,-2.3938984870910645,-2.1654040813446045,18.826894760131836,19.896635055541992,-0.0,-0.20000000298023224,-0.0,-0.0,off
9.700000000000001,8.663961410522461,-16.063350677490234,1.632655382156372,-1.8227158784866333,-2.1311352252960205,18.32378387451172,19.65635108947754,-0.0,-0.20000000298023224,-0.0,-0.0,off
9.72,8.879094123840332,-19.290050506591797,3.2365410327911377,-1.943114161491394,-2.112333059310913,21.48067855834961,19.716644287109375,-0.0,-0.20000000298023224,-0.0,-0.0,off
9.74,9.036808967590332,-21.10257339477539,4.450660705566406,-1.9941433668136597,-2.1005139350891113,23.383560180664062,19.946182250976562,-0.0,-0.20000000298023224,-0.0,-0.0,off
9.76,8.797162055969238,-21.26150894165039,6.243454933166504,-1.768226981163025,-2.0672852993011475,23.84161376953125,20.170656204223633,0.0,-0.20000000298023224,-0.0,0.0,off
9.78,8.289284706115723,-20.911724090576172,8.113585472106934,-1.5486527681350708,-2.0154221057891846,23.913232803344727,20.347850799560547,-0.0,-0.20000000298023224,-0.0,-0.0,off
9.8,8.175984382629395,-20.993972778320312,9.205977439880371,-1.4528082609176636,-1.9591606855392456,24.338109970092773,20.553382873535156,-0.0,-0.20000000298023224,-0.0,-0.0,off
9.82,8.130284309387207,-20.56456184387207,9.428825378417969,-1.3301421403884888,-1.89625883102417,24.03966522216797,20.740554809570312,-0.0,-0.20000000298023224,-0.0,-0.0,off
9.84,8.105077743530273,-20.57356071472168,9.463476181030273,-1.204027533531189,-1.827035665512085,24.052465438842773,20.94315528869629,-0.0,-0.20000000298023224,-0.0,-0.0,off
9.86,8.035181999206543,-20.079557418823242,10.923786163330078,-0.9853618741035461,-1.742868185043335,24.229772567749023,21.125524520874023,-0.0,-0.20000000298023224,-0.0,-0.0,off
9.88,8.671770095825195,-18.44597053527832,11.329505920410156,-0.8971961140632629,-1.6583009958267212,23.319759368896484,21.20796012878418,-0.0,-0.20000000298023224,-0.0,-0.0,off
9.9,10.935402870178223,-17.420047760009766,11.63156509399414,-0.7531536221504211,-1.5677862167358398,23.629100799560547,21.320343017578125,-0.0,-0.20000000298023224,-0.0,-0.0,off
9.92,10.79666805267334,-16.12775230407715,12.533052444458008,-0.650560200214386,-1.4760634899139404,23.10302734375,21.352455139160156,-0.0,-0.20000000298023224,-0.0,-0.0,off
9.94,11.000933647155762,-15.261089324951172,13.187005043029785,-0.6411545872688293,-1.3925725221633911,22.974300384521484,21.364334106445312,-0.0,-0.20000000298023224,-0.0,-0.0,off
9.96,11.064681053161621,-14.932819366455078,13.594202995300293,-0.6672895550727844,-1.3200441598892212,23.02647590637207,21.393274307250977,-0.0,-0.20000000298023224,-0.0,-0.0,off
9.98,11.450922966003418,-14.89767837524414,14.14444351196289,-0.6645925641059875,-1.2544989585876465,23.51871109008789,21.48065185546875,-0.0,-0.10000000149011612,-0.0,-0.0,off
10.0,11.982743263244629,-14.821361541748047,14.950248718261719,-0.6062176823616028,-1.1896708011627197,24.223310470581055,21.63396453857422,-0.0,-0.10000000149011612,-0.0,-0.0,off
10.02,12.359651565551758,-14.587505340576172,15.635445594787598,-0.5514734387397766,-1.125851035118103,24.698652267456055,21.82469940185547,-0.0,-0.10000000149011612,-0.0,-0.0,off
10.040000000000001,12.49671459197998,-14.260967254638672,16.17978286743164,-0.5667646527290344,-1.0699423551559448,24.92646026611328,22.026290893554688,-0.0,-0.0,-0.0,-0.0,off
10.06,12.121186256408691,-13.69394302368164,16.33071517944336,-0.6984322667121887,-1.032791256904602,24.518146514892578,22.177478790283203,-0.0,-0.0,-0.0,-0.0,off
10.08,11.67700481414795,-12.7049560546875,15.988624572753906,-0.8688886761665344,-1.016400933265686,23.524551391601562,22.22374725341797,-0.0,-0.0,-0.0,-0.0,off
10.1,10.985967636108398,-11.873872756958008,15.620111465454102,-1.0076650381088257,-1.015527367591858,22.48706817626953,22.1716251373291,-0.0,-0.0,-0.0,-0.0,off
10.120000000000001,10.109134674072266,-11.100736618041992,15.418288230895996,-1.1159297227859497,-1.0255675315856934,21.520793914794922,22.032901763916016,-0.0,-0.0,-0.0,-0.0,off
10.14,9.472620964050293,-10.357931137084961,15.058835983276367,-1.2005032300949097,-1.0430611371994019,20.5860595703125,21.82062530517578,0.0,-0.0,-0.0,0.0,off
10.16,9.278129577636719,-9.647510528564453,14.558954238891602,-1.2751492261886597,-1.066269874572754,19.77678680419922,21.55656623840332,-0.0,-0.0,-0.0,-0.0,off
10.18,9.51937198638916,-9.3172607421875,14.440051078796387,-1.2659534215927124,-1.0862382650375366,19.645479202270508,21.312639236450195,-0.0,-0.0,-0.0,-0.0,off
10.200000000000001,9.899782180786133,-8.842885971069336,14.486613273620605,-1.2847870588302612,-1.106093168258667,19.648517608642578,21.093887329101562,-0.0,-0.0,-0.0,-0.0,off
10.22,10.223969459533691,-8.045402526855469,14.713438987731934,-1.3631845712661743,-1.1318023204803467,19.640350341796875,20.887624740600586,-0.0,-0.0,-0.0,-0.0,off
10.24,10.55789566040039,-7.261215686798096,15.089863777160645,-1.4215914011001587,-1.1607811450958252,19.796424865722656,20.707176208496094,-0.0,-0.0,-0.0,-0.0,off
10.26,10.81751823425293,-6.564404487609863,15.501738548278809,-1.4776934385299683,-1.1924723386764526,20.010347366333008,20.558109283447266,-0.0,-0.0,-0.0,-0.0,off
10.28,10.65731143951416,-6.20398473739624,15.907764434814453,-1.5260504484176636,-1.225830078125,20.127710342407227,20.437889099121094,-0.0,-0.0,-0.0,-0.0,off
10.3,10.740309715270996,-6.202380180358887,16.2862548828125,-1.5910533666610718,-1.2623523473739624,20.471097946166992,20.373985290527344,-0.0,-0.0,-0.0,-0.0,off
10.32,10.777562141418457,-6.305532455444336,16.541746139526367,-1.626003623008728,-1.2987174987792969,20.725465774536133,20.354015350341797,-0.0,-0.0,-0.0,-0.0,off
10.34,10.97301197052002,-6.309197425842285,16.677082061767578,-1.6398190259933472,-1.3328276872634888,20.9365234375,20.366436004638672,-0.0,-0.0,-0.0,-0.0,off
10.36,11.282955169677734,-6.130212783813477,16.725515365600586,-1.6738723516464233,-1.3669321537017822,21.086191177368164,20.39776039123535,-0.0,-0.0,-0.0,-0.0,off
10.38,11.373879432678223,-5.958103179931641,16.69381332397461,-1.6863616704940796,-1.398875117301941,21.06056785583496,20.42864418029785,-0.0,-0.0,-0.0,-0.0,off
10.4,11.171494483947754,-5.836678504943848,16.62649917602539,-1.6508384943008423,-1.4240714311599731,20.864072799682617,20.44254493713379,-0.0,-0.0,-0.0,-0.0,off
10.42,11.055153846740723,-5.892792224884033,16.493423461914062,-1.594866156578064,-1.4411509037017822,20.711698532104492,20.44706153869629,-0.0,-0.0,-0.0,-0.0,off
10.44,11.074885368347168,-5.819386005401611,16.298423767089844,-1.5474430322647095,-1.451780080795288,20.546459197998047,20.438901901245117,-0.0,-0.0,-0.0,-0.0,off
10.46,10.977871894836426,-5.504343032836914,16.087833404541016,-1.4963291883468628,-1.4562349319458008,20.239315032958984,20.401742935180664,-0.0,-0.0,-0.0,-0.0,off
10.48,10.877939224243164,-5.231868267059326,15.842711448669434,-1.4558948278427124,-1.4562008380889893,19.917165756225586,20.337358474731445,-0.0,-0.0,-0.0,-0.0,off
10.5,10.762124061584473,-4.824704647064209,15.081286430358887,-1.427491545677185,-1.4533299207687378,19.14539909362793,20.203262329101562,-0.0,-0.0,-0.0,-0.0,off
10.52,11.322234153747559,-4.617608070373535,13.90585708618164,-1.3691023588180542,-1.4449070692062378,18.51723861694336,20.01844596862793,-0.0,-0.0,-0.0,-0.0,off
10.540000000000001,11.92612361907959,-4.377492904663086,11.682849884033203,-1.1887160539627075,-1.419287919998169,17.25931167602539,19.711463928222656,-0.0,0.0,-0.0,-0.0,off
10.56,11.111760139465332,-2.2059903144836426,7.646039962768555,-1.0239697694778442,-1.3797560930252075,13.667462348937988,19.019001007080078,-0.0,0.0,-0.0,-0.0,off
10.58,9.926377296447754,-1.178044319152832,4.394301414489746,-0.910267174243927,-1.3328070640563965,10.919278144836426,18.065431594848633,-0.0,0.0,-0.0,-0.0,off
10.6,7.4419732093811035,-0.9484419822692871,1.6189367771148682,-0.7969415783882141,-1.279220461845398,7.674859523773193,16.862619400024414,-0.0,-0.0,-0.0,-0.0,off
